Source,MIT-BIH Arrhythmia Database record 233 (frequent PVCs) - PhysioNet - ODC-By 1.0
Start,0.0 s
Lead,MLII
Unit,mV
Sample Rate,360 hertz

-0.095
-0.095
-0.095
-0.095
-0.095
-0.095
-0.095
-0.095
-0.095
-0.090
-0.085
-0.070
-0.060
-0.040
-0.030
-0.015
0.010
0.055
0.095
0.150
0.215
0.290
0.365
0.445
0.545
0.640
0.755
0.850
0.895
0.875
0.745
0.490
0.130
-0.325
-0.765
-1.150
-1.450
-1.670
-1.825
-1.955
-2.065
-2.150
-2.230
-2.265
-2.290
-2.255
-2.215
-2.140
-2.050
-1.930
-1.820
-1.715
-1.590
-1.505
-1.430
-1.360
-1.290
-1.210
-1.110
-0.995
-0.880
-0.780
-0.700
-0.630
-0.575
-0.530
-0.490
-0.445
-0.345
-0.230
-0.090
0.035
0.185
0.270
0.330
0.350
0.350
0.325
0.300
0.310
0.315
0.330
0.350
0.375
0.395
0.390
0.410
0.435
0.445
0.450
0.460
0.465
0.480
0.480
0.510
0.535
0.560
0.575
0.610
0.630
0.635
0.640
0.655
0.670
0.685
0.705
0.725
0.750
0.775
0.805
0.825
0.850
0.860
0.865
0.875
0.895
0.910
0.925
0.935
0.945
0.950
0.950
0.945
0.940
0.940
0.925
0.905
0.880
0.850
0.820
0.810
0.780
0.760
0.735
0.700
0.665
0.625
0.585
0.550
0.505
0.470
0.430
0.400
0.390
0.360
0.340
0.310
0.280
0.240
0.210
0.180
0.155
0.130
0.105
0.090
0.085
0.065
0.060
0.040
0.025
0.015
-0.005
-0.020
-0.010
-0.020
-0.020
-0.020
-0.010
0.000
0.010
0.000
-0.005
-0.005
-0.010
-0.010
-0.020
-0.010
-0.010
-0.015
-0.005
-0.005
0.005
-0.005
-0.010
-0.015
-0.025
-0.040
-0.040
-0.040
-0.050
-0.045
-0.050
-0.030
-0.030
-0.025
-0.035
-0.050
-0.055
-0.060
-0.070
-0.070
-0.065
-0.055
-0.045
-0.040
-0.040
-0.050
-0.055
-0.060
-0.065
-0.080
-0.080
-0.075
-0.095
-0.085
-0.070
-0.065
-0.055
-0.060
-0.075
-0.075
-0.095
-0.085
-0.100
-0.100
-0.090
-0.090
-0.085
-0.085
-0.070
-0.100
-0.085
-0.075
-0.085
-0.085
-0.100
-0.100
-0.100
-0.090
-0.100
-0.085
-0.080
-0.090
-0.095
-0.085
-0.085
-0.085
-0.095
-0.095
-0.090
-0.090
-0.090
-0.080
-0.075
-0.080
-0.060
-0.040
-0.035
-0.030
-0.010
0.010
0.025
0.045
0.065
0.080
0.100
0.120
0.145
0.180
0.200
0.215
0.215
0.215
0.180
0.155
0.145
0.155
0.165
0.170
0.170
0.150
0.125
0.095
0.055
0.030
0.000
-0.025
-0.035
-0.045
-0.045
-0.065
-0.085
-0.115
-0.140
-0.145
-0.145
-0.155
-0.135
-0.135
-0.135
-0.130
-0.105
-0.105
-0.095
-0.105
-0.110
-0.115
-0.100
-0.050
0.030
0.170
0.360
0.545
0.755
0.955
1.135
1.300
1.460
1.580
1.655
1.680
1.650
1.570
1.420
1.195
0.910
0.610
0.340
0.130
-0.015
-0.090
-0.135
-0.150
-0.170
-0.180
-0.200
-0.235
-0.280
-0.300
-0.310
-0.320
-0.330
-0.330
-0.340
-0.345
-0.350
-0.345
-0.345
-0.350
-0.355
-0.350
-0.355
-0.355
-0.355
-0.365
-0.380
-0.380
-0.385
-0.380
-0.370
-0.370
-0.360
-0.370
-0.375
-0.385
-0.385
-0.385
-0.405
-0.400
-0.405
-0.410
-0.410
-0.420
-0.425
-0.420
-0.425
-0.445
-0.455
-0.475
-0.490
-0.495
-0.510
-0.525
-0.525
-0.535
-0.555
-0.560
-0.575
-0.600
-0.630
-0.655
-0.665
-0.665
-0.680
-0.695
-0.695
-0.700
-0.700
-0.700
-0.705
-0.720
-0.720
-0.715
-0.715
-0.705
-0.685
-0.670
-0.650
-0.635
-0.605
-0.590
-0.555
-0.545
-0.520
-0.500
-0.475
-0.435
-0.410
-0.370
-0.345
-0.325
-0.295
-0.275
-0.255
-0.245
-0.230
-0.220
-0.220
-0.200
-0.190
-0.185
-0.180
-0.170
-0.170
-0.165
-0.150
-0.160
-0.165
-0.180
-0.175
-0.170
-0.175
-0.160
-0.155
-0.165
-0.150
-0.150
-0.165
-0.165
-0.185
-0.175
-0.190
-0.195
-0.190
-0.195
-0.170
-0.160
-0.160
-0.165
-0.165
-0.160
-0.185
-0.190
-0.195
-0.185
-0.190
-0.150
-0.135
-0.105
-0.075
-0.050
-0.025
-0.005
0.000
0.025
0.035
0.065
0.085
0.125
0.175
0.225
0.300
0.380
0.495
0.600
0.715
0.800
0.870
0.930
0.980
1.020
1.105
1.195
1.285
1.390
1.465
1.515
1.550
1.545
1.500
1.385
1.195
0.885
0.495
0.040
-0.460
-0.905
-1.265
-1.545
-1.680
-1.700
-1.655
-1.565
-1.440
-1.300
-1.200
-1.100
-1.010
-0.920
-0.805
-0.700
-0.585
-0.500
-0.455
-0.430
-0.420
-0.420
-0.425
-0.430
-0.420
-0.410
-0.410
-0.405
-0.405
-0.415
-0.410
-0.420
-0.430
-0.430
-0.415
-0.415
-0.390
-0.400
-0.400
-0.405
-0.420
-0.415
-0.415
-0.425
-0.425
-0.425
-0.430
-0.430
-0.420
-0.415
-0.415
-0.420
-0.420
-0.430
-0.435
-0.435
-0.430
-0.430
-0.415
-0.410
-0.405
-0.405
-0.375
-0.370
-0.375
-0.360
-0.350
-0.330
-0.325
-0.305
-0.285
-0.270
-0.245
-0.235
-0.225
-0.205
-0.200
-0.200
-0.190
-0.185
-0.175
-0.170
-0.170
-0.160
-0.145
-0.155
-0.150
-0.160
-0.175
-0.190
-0.200
-0.230
-0.245
-0.240
-0.245
-0.250
-0.275
-0.285
-0.305
-0.315
-0.335
-0.350
-0.350
-0.365
-0.360
-0.370
-0.365
-0.365
-0.365
-0.355
-0.375
-0.380
-0.380
-0.380
-0.390
-0.395
-0.410
-0.400
-0.400
-0.395
-0.390
-0.380
-0.380
-0.375
-0.395
-0.400
-0.415
-0.420
-0.415
-0.400
-0.400
-0.385
-0.375
-0.370
-0.380
-0.380
-0.385
-0.395
-0.410
-0.415
-0.400
-0.400
-0.390
-0.395
-0.375
-0.385
-0.385
-0.390
-0.395
-0.405
-0.410
-0.410
-0.420
-0.430
-0.425
-0.415
-0.405
-0.400
-0.405
-0.410
-0.415
-0.425
-0.415
-0.435
-0.425
-0.425
-0.415
-0.415
-0.410
-0.410
-0.420
-0.410
-0.420
-0.430
-0.435
-0.420
-0.405
-0.390
-0.370
-0.355
-0.330
-0.320
-0.310
-0.300
-0.280
-0.280
-0.275
-0.265
-0.235
-0.195
-0.175
-0.145
-0.115
-0.110
-0.135
-0.155
-0.185
-0.205
-0.205
-0.220
-0.200
-0.195
-0.195
-0.200
-0.225
-0.270
-0.300
-0.335
-0.375
-0.400
-0.415
-0.435
-0.445
-0.450
-0.465
-0.475
-0.465
-0.490
-0.495
-0.495
-0.510
-0.500
-0.510
-0.515
-0.505
-0.500
-0.495
-0.485
-0.480
-0.490
-0.470
-0.460
-0.430
-0.360
-0.245
-0.090
0.110
0.315
0.515
0.695
0.865
1.035
1.165
1.285
1.340
1.345
1.290
1.165
1.000
0.760
0.470
0.190
-0.055
-0.235
-0.360
-0.440
-0.480
-0.510
-0.530
-0.550
-0.580
-0.620
-0.630
-0.650
-0.660
-0.660
-0.665
-0.670
-0.680
-0.695
-0.690
-0.710
-0.715
-0.705
-0.705
-0.700
-0.705
-0.700
-0.705
-0.700
-0.720
-0.735
-0.735
-0.745
-0.740
-0.725
-0.725
-0.715
-0.725
-0.715
-0.720
-0.720
-0.740
-0.745
-0.745
-0.755
-0.755
-0.755
-0.760
-0.755
-0.750
-0.760
-0.770
-0.790
-0.800
-0.810
-0.830
-0.840
-0.845
-0.865
-0.870
-0.875
-0.870
-0.900
-0.905
-0.925
-0.940
-0.950
-0.970
-0.985
-1.005
-1.000
-1.000
-1.000
-1.010
-1.010
-1.005
-1.000
-0.995
-0.985
-0.985
-0.985
-0.955
-0.935
-0.915
-0.875
-0.850
-0.825
-0.805
-0.780
-0.760
-0.735
-0.715
-0.705
-0.685
-0.660
-0.625
-0.605
-0.575
-0.565
-0.560
-0.560
-0.555
-0.555
-0.550
-0.545
-0.545
-0.535
-0.530
-0.525
-0.510
-0.510
-0.515
-0.510
-0.510
-0.525
-0.530
-0.530
-0.530
-0.520
-0.530
-0.520
-0.505
-0.500
-0.500
-0.520
-0.515
-0.525
-0.530
-0.530
-0.530
-0.525
-0.520
-0.510
-0.505
-0.500
-0.500
-0.520
-0.520
-0.535
-0.540
-0.520
-0.510
-0.500
-0.485
-0.465
-0.440
-0.415
-0.400
-0.380
-0.380
-0.360
-0.360
-0.335
-0.315
-0.275
-0.230
-0.185
-0.160
-0.170
-0.180
-0.205
-0.225
-0.245
-0.245
-0.240
-0.235
-0.235
-0.250
-0.275
-0.295
-0.335
-0.375
-0.410
-0.440
-0.465
-0.470
-0.500
-0.500
-0.525
-0.535
-0.530
-0.525
-0.525
-0.530
-0.510
-0.525
-0.525
-0.535
-0.535
-0.525
-0.505
-0.515
-0.505
-0.485
-0.480
-0.460
-0.415
-0.325
-0.185
0.000
0.195
0.400
0.610
0.790
0.945
1.105
1.225
1.315
1.335
1.305
1.225
1.095
0.900
0.655
0.370
0.095
-0.120
-0.275
-0.380
-0.445
-0.475
-0.500
-0.525
-0.540
-0.570
-0.600
-0.625
-0.630
-0.625
-0.630
-0.620
-0.630
-0.625
-0.650
-0.645
-0.650
-0.655
-0.655
-0.655
-0.650
-0.645
-0.630
-0.630
-0.650
-0.660
-0.665
-0.670
-0.675
-0.680
-0.670
-0.650
-0.650
-0.635
-0.645
-0.645
-0.645
-0.665
-0.665
-0.685
-0.690
-0.695
-0.685
-0.695
-0.700
-0.685
-0.695
-0.715
-0.720
-0.735
-0.750
-0.765
-0.770
-0.775
-0.785
-0.790
-0.795
-0.805
-0.795
-0.820
-0.810
-0.805
-0.820
-0.835
-0.835
-0.845
-0.840
-0.830
-0.815
-0.800
-0.780
-0.770
-0.750
-0.740
-0.720
-0.715
-0.695
-0.680
-0.645
-0.625
-0.605
-0.575
-0.550
-0.540
-0.520
-0.515
-0.505
-0.490
-0.485
-0.480
-0.465
-0.465
-0.445
-0.435
-0.420
-0.430
-0.420
-0.425
-0.415
-0.410
-0.415
-0.395
-0.375
-0.360
-0.340
-0.295
-0.270
-0.230
-0.190
-0.145
-0.105
-0.045
0.020
0.100
0.190
0.280
0.400
0.500
0.555
0.530
0.420
0.180
-0.185
-0.625
-1.085
-1.480
-1.780
-2.005
-2.140
-2.230
-2.320
-2.380
-2.435
-2.470
-2.470
-2.455
-2.420
-2.335
-2.240
-2.130
-2.015
-1.895
-1.790
-1.680
-1.600
-1.550
-1.490
-1.405
-1.290
-1.160
-1.020
-0.925
-0.860
-0.820
-0.790
-0.740
-0.650
-0.520
-0.365
-0.180
-0.025
0.080
0.150
0.170
0.150
0.135
0.115
0.105
0.115
0.135
0.155
0.165
0.185
0.200
0.205
0.220
0.245
0.275
0.290
0.310
0.315
0.335
0.340
0.355
0.370
0.380
0.405
0.435
0.455
0.490
0.500
0.530
0.555
0.555
0.570
0.585
0.610
0.645
0.665
0.690
0.710
0.735
0.755
0.770
0.775
0.775
0.780
0.770
0.760
0.760
0.745
0.755
0.745
0.730
0.710
0.685
0.650
0.605
0.560
0.515
0.475
0.445
0.415
0.375
0.345
0.305
0.260
0.230
0.185
0.140
0.100
0.065
0.030
0.005
-0.020
-0.050
-0.060
-0.060
-0.080
-0.110
-0.125
-0.145
-0.160
-0.180
-0.190
-0.185
-0.190
-0.200
-0.190
-0.180
-0.195
-0.190
-0.205
-0.215
-0.215
-0.225
-0.240
-0.230
-0.220
-0.215
-0.210
-0.200
-0.195
-0.195
-0.190
-0.210
-0.210
-0.215
-0.225
-0.220
-0.220
-0.225
-0.225
-0.210
-0.210
-0.205
-0.210
-0.220
-0.235
-0.235
-0.245
-0.250
-0.240
-0.240
-0.235
-0.220
-0.225
-0.230
-0.240
-0.240
-0.255
-0.260
-0.260
-0.270
-0.270
-0.255
-0.260
-0.245
-0.250
-0.235
-0.235
-0.240
-0.240
-0.255
-0.260
-0.265
-0.245
-0.245
-0.235
-0.230
-0.230
-0.240
-0.245
-0.245
-0.255
-0.255
-0.245
-0.240
-0.245
-0.250
-0.240
-0.230
-0.220
-0.230
-0.220
-0.225
-0.235
-0.245
-0.230
-0.230
-0.240
-0.235
-0.225
-0.200
-0.200
-0.200
-0.200
-0.210
-0.220
-0.210
-0.210
-0.190
-0.175
-0.155
-0.120
-0.105
-0.080
-0.070
-0.045
-0.040
-0.045
-0.050
-0.030
-0.005
0.035
0.070
0.125
0.160
0.165
0.150
0.110
0.080
0.075
0.065
0.060
0.080
0.090
0.085
0.065
0.055
0.015
-0.025
-0.045
-0.070
-0.115
-0.135
-0.155
-0.170
-0.190
-0.195
-0.190
-0.190
-0.205
-0.200
-0.200
-0.205
-0.205
-0.200
-0.210
-0.210
-0.205
-0.200
-0.190
-0.185
-0.170
-0.150
-0.110
-0.050
0.055
0.205
0.380
0.585
0.790
0.980
1.140
1.315
1.445
1.570
1.640
1.635
1.580
1.480
1.325
1.095
0.830
0.545
0.305
0.120
-0.015
-0.085
-0.140
-0.175
-0.190
-0.230
-0.270
-0.300
-0.325
-0.335
-0.345
-0.345
-0.340
-0.345
-0.340
-0.355
-0.365
-0.370
-0.390
-0.380
-0.370
-0.380
-0.370
-0.375
-0.365
-0.375
-0.370
-0.370
-0.390
-0.390
-0.405
-0.400
-0.405
-0.395
-0.390
-0.390
-0.395
-0.405
-0.400
-0.405
-0.430
-0.430
-0.440
-0.435
-0.450
-0.445
-0.445
-0.445
-0.460
-0.475
-0.495
-0.510
-0.525
-0.545
-0.560
-0.570
-0.590
-0.600
-0.605
-0.610
-0.630
-0.640
-0.660
-0.680
-0.705
-0.715
-0.735
-0.745
-0.740
-0.745
-0.740
-0.740
-0.725
-0.730
-0.725
-0.725
-0.725
-0.705
-0.700
-0.680
-0.655
-0.625
-0.600
-0.565
-0.545
-0.515
-0.485
-0.465
-0.440
-0.415
-0.390
-0.370
-0.340
-0.300
-0.275
-0.255
-0.240
-0.225
-0.195
-0.200
-0.195
-0.190
-0.195
-0.185
-0.175
-0.175
-0.155
-0.155
-0.145
-0.150
-0.150
-0.155
-0.150
-0.160
-0.150
-0.155
-0.145
-0.140
-0.135
-0.120
-0.120
-0.130
-0.130
-0.135
-0.135
-0.145
-0.155
-0.150
-0.145
-0.145
-0.135
-0.115
-0.120
-0.120
-0.115
-0.110
-0.110
-0.105
-0.100
-0.080
-0.060
-0.030
0.000
0.035
0.060
0.070
0.095
0.125
0.145
0.180
0.225
0.285
0.350
0.440
0.555
0.670
0.790
0.875
0.965
1.015
1.060
1.105
1.175
1.265
1.350
1.450
1.525
1.575
1.595
1.565
1.475
1.315
1.075
0.725
0.300
-0.180
-0.645
-1.045
-1.360
-1.555
-1.640
-1.640
-1.570
-1.480
-1.355
-1.240
-1.150
-1.075
-0.990
-0.895
-0.770
-0.665
-0.550
-0.445
-0.350
-0.320
-0.280
-0.295
-0.305
-0.305
-0.295
-0.285
-0.285
-0.275
-0.265
-0.255
-0.245
-0.260
-0.260
-0.270
-0.260
-0.270
-0.255
-0.245
-0.255
-0.245
-0.240
-0.230
-0.240
-0.245
-0.250
-0.250
-0.260
-0.255
-0.255
-0.240
-0.235
-0.230
-0.230
-0.230
-0.235
-0.245
-0.240
-0.245
-0.240
-0.230
-0.225
-0.225
-0.195
-0.180
-0.170
-0.165
-0.145
-0.135
-0.140
-0.125
-0.125
-0.110
-0.085
-0.065
-0.050
-0.025
-0.005
0.010
0.025
0.035
0.020
0.020
0.025
0.040
0.045
0.045
0.070
0.065
0.070
0.060
0.045
0.030
0.015
-0.005
-0.020
-0.020
-0.035
-0.040
-0.050
-0.055
-0.060
-0.070
-0.080
-0.110
-0.115
-0.120
-0.135
-0.130
-0.135
-0.125
-0.140
-0.120
-0.130
-0.130
-0.135
-0.145
-0.160
-0.155
-0.160
-0.170
-0.160
-0.160
-0.140
-0.135
-0.130
-0.135
-0.140
-0.135
-0.140
-0.140
-0.145
-0.145
-0.130
-0.120
-0.115
-0.095
-0.105
-0.110
-0.120
-0.120
-0.120
-0.115
-0.125
-0.130
-0.125
-0.110
-0.110
-0.105
-0.105
-0.105
-0.110
-0.120
-0.120
-0.125
-0.135
-0.140
-0.125
-0.115
-0.115
-0.110
-0.105
-0.120
-0.110
-0.120
-0.125
-0.120
-0.115
-0.115
-0.115
-0.110
-0.110
-0.105
-0.095
-0.115
-0.110
-0.115
-0.105
-0.125
-0.115
-0.110
-0.090
-0.080
-0.065
-0.050
-0.030
-0.015
-0.005
0.005
0.010
0.010
0.035
0.045
0.040
0.065
0.090
0.135
0.160
0.190
0.230
0.235
0.220
0.210
0.185
0.165
0.155
0.160
0.165
0.180
0.190
0.170
0.160
0.130
0.090
0.060
0.025
-0.005
-0.040
-0.055
-0.060
-0.065
-0.095
-0.095
-0.105
-0.130
-0.145
-0.155
-0.150
-0.155
-0.145
-0.120
-0.125
-0.120
-0.110
-0.105
-0.100
-0.100
-0.110
-0.090
-0.065
-0.020
0.085
0.240
0.430
0.625
0.835
1.010
1.175
1.330
1.465
1.570
1.625
1.635
1.575
1.470
1.320
1.095
0.835
0.555
0.335
0.140
0.040
-0.050
-0.085
-0.105
-0.130
-0.155
-0.190
-0.220
-0.245
-0.255
-0.270
-0.280
-0.285
-0.295
-0.295
-0.295
-0.295
-0.295
-0.285
-0.290
-0.285
-0.290
-0.290
-0.300
-0.305
-0.320
-0.315
-0.320
-0.305
-0.315
-0.305
-0.310
-0.315
-0.315
-0.310
-0.330
-0.335
-0.340
-0.350
-0.355
-0.360
-0.365
-0.370
-0.365
-0.355
-0.360
-0.380
-0.400
-0.410
-0.435
-0.465
-0.470
-0.475
-0.490
-0.495
-0.500
-0.510
-0.520
-0.535
-0.550
-0.560
-0.575
-0.590
-0.605
-0.605
-0.620
-0.625
-0.610
-0.585
-0.580
-0.580
-0.570
-0.565
-0.560
-0.550
-0.530
-0.510
-0.490
-0.470
-0.430
-0.395
-0.385
-0.350
-0.335
-0.315
-0.305
-0.285
-0.255
-0.230
-0.200
-0.175
-0.150
-0.130
-0.125
-0.100
-0.110
-0.110
-0.115
-0.125
-0.115
-0.110
-0.095
-0.100
-0.090
-0.090
-0.080
-0.080
-0.085
-0.085
-0.090
-0.100
-0.095
-0.090
-0.085
-0.090
-0.080
-0.090
-0.085
-0.095
-0.100
-0.095
-0.095
-0.100
-0.100
-0.095
-0.095
-0.095
-0.100
-0.080
-0.085
-0.080
-0.085
-0.090
-0.095
-0.100
-0.090
-0.075
-0.060
-0.050
-0.045
-0.015
-0.005
0.020
0.040
0.050
0.070
0.075
0.090
0.110
0.120
0.155
0.185
0.235
0.240
0.255
0.245
0.225
0.195
0.185
0.165
0.155
0.190
0.190
0.195
0.180
0.155
0.125
0.085
0.050
0.015
0.005
-0.025
-0.020
-0.035
-0.045
-0.060
-0.070
-0.080
-0.090
-0.100
-0.105
-0.105
-0.110
-0.100
-0.100
-0.085
-0.075
-0.065
-0.065
-0.075
-0.075
-0.095
-0.085
-0.070
-0.040
0.025
0.155
0.295
0.490
0.695
0.900
1.080
1.255
1.410
1.515
1.600
1.635
1.610
1.540
1.415
1.225
1.015
0.740
0.485
0.280
0.115
0.025
-0.030
-0.080
-0.085
-0.095
-0.125
-0.150
-0.185
-0.205
-0.230
-0.225
-0.230
-0.230
-0.240
-0.255
-0.255
-0.260
-0.260
-0.260
-0.255
-0.255
-0.250
-0.260
-0.265
-0.265
-0.260
-0.280
-0.280
-0.285
-0.270
-0.260
-0.265
-0.260
-0.270
-0.280
-0.290
-0.300
-0.305
-0.310
-0.325
-0.340
-0.340
-0.320
-0.325
-0.325
-0.345
-0.345
-0.365
-0.375
-0.400
-0.410
-0.420
-0.435
-0.445
-0.455
-0.460
-0.470
-0.475
-0.495
-0.500
-0.520
-0.525
-0.540
-0.540
-0.560
-0.540
-0.525
-0.525
-0.515
-0.500
-0.490
-0.490
-0.475
-0.465
-0.450
-0.440
-0.400
-0.375
-0.350
-0.320
-0.300
-0.285
-0.270
-0.260
-0.260
-0.245
-0.245
-0.235
-0.215
-0.205
-0.200
-0.190
-0.190
-0.180
-0.190
-0.185
-0.190
-0.205
-0.200
-0.195
-0.205
-0.160
-0.150
-0.125
-0.085
-0.065
-0.020
0.030
0.080
0.140
0.195
0.280
0.360
0.480
0.590
0.680
0.700
0.620
0.390
0.000
-0.490
-1.015
-1.475
-1.835
-2.090
-2.240
-2.345
-2.400
-2.445
-2.455
-2.445
-2.430
-2.390
-2.330
-2.250
-2.130
-2.015
-1.890
-1.770
-1.670
-1.600
-1.545
-1.480
-1.400
-1.280
-1.160
-1.040
-0.955
-0.890
-0.850
-0.820
-0.775
-0.715
-0.615
-0.470
-0.305
-0.155
-0.015
0.065
0.105
0.125
0.115
0.095
0.095
0.110
0.120
0.145
0.145
0.160
0.170
0.170
0.185
0.210
0.215
0.235
0.255
0.285
0.295
0.305
0.310
0.315
0.330
0.345
0.360
0.385
0.410
0.430
0.470
0.505
0.500
0.520
0.550
0.565
0.570
0.575
0.600
0.610
0.615
0.635
0.650
0.650
0.655
0.645
0.625
0.600
0.575
0.555
0.535
0.520
0.505
0.465
0.435
0.405
0.360
0.300
0.240
0.200
0.155
0.120
0.070
0.040
0.015
-0.020
-0.050
-0.085
-0.120
-0.160
-0.190
-0.220
-0.260
-0.305
-0.335
-0.360
-0.370
-0.380
-0.390
-0.395
-0.410
-0.430
-0.450
-0.470
-0.490
-0.510
-0.515
-0.515
-0.505
-0.515
-0.520
-0.510
-0.525
-0.525
-0.540
-0.550
-0.565
-0.570
-0.570
-0.585
-0.575
-0.560
-0.565
-0.560
-0.565
-0.560
-0.570
-0.565
-0.570
-0.580
-0.580
-0.600
-0.600
-0.625
-0.625
-0.620
-0.625
-0.610
-0.620
-0.630
-0.635
-0.665
-0.675
-0.675
-0.670
-0.670
-0.670
-0.655
-0.660
-0.675
-0.690
-0.685
-0.695
-0.690
-0.695
-0.695
-0.685
-0.695
-0.685
-0.690
-0.705
-0.705
-0.720
-0.725
-0.735
-0.750
-0.740
-0.735
-0.720
-0.705
-0.690
-0.685
-0.710
-0.725
-0.740
-0.755
-0.765
-0.765
-0.765
-0.770
-0.765
-0.770
-0.770
-0.780
-0.785
-0.800
-0.800
-0.795
-0.805
-0.800
-0.785
-0.795
-0.790
-0.785
-0.790
-0.795
-0.795
-0.780
-0.780
-0.785
-0.790
-0.810
-0.825
-0.830
-0.825
-0.800
-0.780
-0.735
-0.715
-0.715
-0.725
-0.730
-0.730
-0.725
-0.705
-0.665
-0.645
-0.610
-0.580
-0.575
-0.555
-0.565
-0.585
-0.585
-0.585
-0.590
-0.580
-0.590
-0.605
-0.655
-0.675
-0.720
-0.760
-0.800
-0.840
-0.855
-0.865
-0.890
-0.900
-0.905
-0.905
-0.905
-0.905
-0.900
-0.910
-0.920
-0.935
-0.945
-0.960
-0.940
-0.940
-0.940
-0.930
-0.930
-0.910
-0.870
-0.840
-0.720
-0.565
-0.360
-0.125
0.095
0.320
0.520
0.705
0.870
1.005
1.080
1.090
1.025
0.850
0.595
0.260
-0.115
-0.465
-0.720
-0.870
-0.920
-0.910
-0.890
-0.885
-0.890
-0.930
-0.975
-1.030
-1.065
-1.075
-1.080
-1.080
-1.080
-1.065
-1.055
-1.070
-1.070
-1.090
-1.120
-1.125
-1.135
-1.125
-1.120
-1.110
-1.105
-1.110
-1.100
-1.100
-1.105
-1.115
-1.125
-1.135
-1.145
-1.145
-1.125
-1.130
-1.105
-1.105
-1.120
-1.125
-1.130
-1.140
-1.160
-1.160
-1.195
-1.180
-1.190
-1.190
-1.195
-1.195
-1.195
-1.205
-1.225
-1.245
-1.255
-1.270
-1.305
-1.300
-1.320
-1.325
-1.320
-1.325
-1.340
-1.350
-1.380
-1.380
-1.390
-1.410
-1.420
-1.425
-1.435
-1.435
-1.430
-1.425
-1.425
-1.425
-1.420
-1.415
-1.395
-1.385
-1.370
-1.345
-1.340
-1.310
-1.280
-1.250
-1.220
-1.190
-1.155
-1.130
-1.100
-1.080
-1.060
-1.030
-1.010
-0.980
-0.950
-0.940
-0.900
-0.905
-0.880
-0.855
-0.865
-0.870
-0.880
-0.870
-0.860
-0.865
-0.855
-0.855
-0.845
-0.860
-0.860
-0.860
-0.845
-0.855
-0.855
-0.855
-0.855
-0.845
-0.840
-0.830
-0.815
-0.805
-0.800
-0.800
-0.820
-0.830
-0.845
-0.840
-0.835
-0.830
-0.825
-0.815
-0.825
-0.805
-0.795
-0.805
-0.800
-0.805
-0.800
-0.795
-0.790
-0.780
-0.760
-0.750
-0.745
-0.730
-0.715
-0.695
-0.685
-0.675
-0.665
-0.645
-0.650
-0.635
-0.610
-0.585
-0.545
-0.510
-0.485
-0.470
-0.475
-0.480
-0.505
-0.520
-0.525
-0.515
-0.510
-0.500
-0.490
-0.495
-0.505
-0.545
-0.580
-0.605
-0.640
-0.655
-0.665
-0.685
-0.695
-0.700
-0.720
-0.730
-0.745
-0.750
-0.765
-0.770
-0.770
-0.765
-0.765
-0.760
-0.755
-0.750
-0.740
-0.735
-0.720
-0.720
-0.720
-0.730
-0.705
-0.645
-0.560
-0.410
-0.215
0.010
0.265
0.480
0.695
0.885
1.050
1.180
1.265
1.280
1.210
1.070
0.850
0.535
0.175
-0.190
-0.440
-0.620
-0.710
-0.745
-0.725
-0.720
-0.725
-0.740
-0.770
-0.785
-0.815
-0.820
-0.815
-0.820
-0.830
-0.835
-0.850
-0.845
-0.850
-0.840
-0.835
-0.820
-0.815
-0.825
-0.835
-0.835
-0.840
-0.845
-0.855
-0.845
-0.840
-0.855
-0.850
-0.845
-0.845
-0.835
-0.850
-0.865
-0.850
-0.860
-0.865
-0.875
-0.865
-0.855
-0.855
-0.855
-0.875
-0.875
-0.900
-0.905
-0.915
-0.930
-0.955
-0.945
-0.960
-0.960
-0.970
-0.965
-0.975
-0.965
-0.980
-0.990
-1.010
-1.025
-1.025
-1.015
-1.005
-1.000
-1.000
-0.990
-0.980
-0.970
-0.955
-0.945
-0.940
-0.915
-0.905
-0.870
-0.845
-0.810
-0.785
-0.750
-0.720
-0.700
-0.690
-0.680
-0.665
-0.665
-0.650
-0.640
-0.630
-0.620
-0.605
-0.600
-0.585
-0.590
-0.595
-0.585
-0.600
-0.605
-0.600
-0.600
-0.580
-0.575
-0.585
-0.565
-0.580
-0.575
-0.560
-0.570
-0.575
-0.580
-0.575
-0.580
-0.575
-0.580
-0.575
-0.555
-0.550
-0.545
-0.535
-0.545
-0.545
-0.550
-0.555
-0.555
-0.545
-0.555
-0.545
-0.535
-0.530
-0.510
-0.515
-0.520
-0.515
-0.510
-0.510
-0.500
-0.495
-0.465
-0.440
-0.415
-0.390
-0.380
-0.370
-0.365
-0.355
-0.340
-0.310
-0.285
-0.240
-0.215
-0.200
-0.190
-0.200
-0.215
-0.225
-0.235
-0.250
-0.240
-0.230
-0.220
-0.220
-0.230
-0.250
-0.285
-0.315
-0.350
-0.380
-0.395
-0.410
-0.425
-0.430
-0.440
-0.435
-0.445
-0.450
-0.450
-0.455
-0.455
-0.445
-0.455
-0.455
-0.465
-0.465
-0.455
-0.445
-0.445
-0.435
-0.435
-0.420
-0.410
-0.390
-0.350
-0.290
-0.170
-0.020
0.190
0.400
0.630
0.820
1.020
1.200
1.355
1.485
1.560
1.575
1.515
1.400
1.225
0.975
0.660
0.325
0.055
-0.165
-0.300
-0.350
-0.370
-0.380
-0.385
-0.390
-0.425
-0.460
-0.520
-0.525
-0.515
-0.515
-0.520
-0.520
-0.515
-0.530
-0.545
-0.555
-0.555
-0.555
-0.535
-0.525
-0.510
-0.515
-0.535
-0.525
-0.530
-0.535
-0.535
-0.540
-0.535
-0.525
-0.520
-0.530
-0.535
-0.530
-0.535
-0.550
-0.545
-0.555
-0.565
-0.565
-0.565
-0.565
-0.560
-0.565
-0.560
-0.570
-0.570
-0.575
-0.590
-0.600
-0.625
-0.640
-0.645
-0.655
-0.665
-0.670
-0.670
-0.665
-0.680
-0.690
-0.700
-0.715
-0.730
-0.745
-0.755
-0.760
-0.760
-0.745
-0.735
-0.730
-0.720
-0.705
-0.690
-0.680
-0.680
-0.660
-0.635
-0.605
-0.575
-0.545
-0.520
-0.495
-0.470
-0.450
-0.425
-0.410
-0.400
-0.390
-0.365
-0.345
-0.320
-0.310
-0.285
-0.265
-0.280
-0.270
-0.265
-0.280
-0.290
-0.275
-0.265
-0.250
-0.230
-0.205
-0.180
-0.135
-0.100
-0.060
-0.020
0.025
0.075
0.140
0.215
0.300
0.405
0.520
0.615
0.695
0.705
0.625
0.445
0.145
-0.230
-0.630
-0.985
-1.300
-1.525
-1.675
-1.795
-1.885
-1.970
-2.050
-2.125
-2.175
-2.190
-2.175
-2.125
-2.035
-1.960
-1.870
-1.765
-1.650
-1.555
-1.460
-1.400
-1.340
-1.270
-1.195
-1.085
-0.940
-0.805
-0.695
-0.605
-0.555
-0.525
-0.500
-0.445
-0.360
-0.250
-0.090
0.085
0.210
0.295
0.325
0.320
0.300
0.270
0.245
0.250
0.255
0.260
0.280
0.290
0.310
0.325
0.340
0.360
0.370
0.385
0.395
0.415
0.405
0.420
0.425
0.445
0.455
0.495
0.515
0.545
0.560
0.580
0.600
0.605
0.635
0.645
0.665
0.685
0.705
0.730
0.760
0.805
0.820
0.840
0.855
0.855
0.860
0.860
0.865
0.865
0.875
0.875
0.870
0.840
0.830
0.820
0.795
0.765
0.730
0.710
0.675
0.635
0.615
0.585
0.545
0.500
0.475
0.430
0.400
0.360
0.310
0.280
0.230
0.215
0.180
0.160
0.145
0.125
0.105
0.075
0.065
0.060
0.035
0.020
0.005
-0.010
-0.020
-0.025
-0.025
-0.040
-0.035
-0.030
-0.035
-0.035
-0.045
-0.045
-0.060
-0.055
-0.050
-0.045
-0.035
-0.035
-0.025
-0.040
-0.035
-0.045
-0.045
-0.040
-0.055
-0.045
-0.055
-0.040
-0.050
-0.035
-0.030
-0.035
-0.030
-0.035
-0.055
-0.060
-0.070
-0.075
-0.065
-0.085
-0.070
-0.060
-0.050
-0.055
-0.040
-0.060
-0.070
-0.085
-0.085
-0.075
-0.075
-0.070
-0.070
-0.060
-0.060
-0.060
-0.065
-0.080
-0.100
-0.095
-0.100
-0.105
-0.090
-0.075
-0.075
-0.070
-0.060
-0.070
-0.075
-0.080
-0.090
-0.080
-0.085
-0.080
-0.100
-0.085
-0.080
-0.070
-0.050
-0.055
-0.055
-0.065
-0.065
-0.080
-0.070
-0.080
-0.070
-0.060
-0.065
-0.060
-0.050
-0.060
-0.050
-0.055
-0.060
-0.055
-0.060
-0.070
-0.055
-0.045
-0.050
-0.035
-0.025
-0.010
-0.010
0.000
0.005
0.025
0.040
0.065
0.090
0.095
0.110
0.130
0.145
0.165
0.195
0.220
0.250
0.265
0.270
0.260
0.240
0.220
0.215
0.220
0.235
0.220
0.235
0.230
0.200
0.170
0.125
0.100
0.075
0.055
0.050
0.045
0.020
0.015
-0.005
-0.020
-0.030
-0.040
-0.050
-0.050
-0.040
-0.030
-0.025
0.000
0.000
-0.005
0.000
-0.010
-0.010
-0.005
0.000
0.060
0.145
0.295
0.485
0.695
0.915
1.110
1.290
1.470
1.640
1.785
1.875
1.905
1.870
1.760
1.585
1.330
1.010
0.690
0.425
0.225
0.085
0.025
0.000
0.000
-0.015
-0.030
-0.055
-0.095
-0.120
-0.135
-0.145
-0.145
-0.155
-0.165
-0.160
-0.175
-0.160
-0.160
-0.160
-0.155
-0.160
-0.165
-0.170
-0.190
-0.175
-0.180
-0.180
-0.190
-0.185
-0.190
-0.185
-0.180
-0.170
-0.190
-0.185
-0.190
-0.190
-0.200
-0.200
-0.215
-0.215
-0.220
-0.215
-0.225
-0.230
-0.230
-0.240
-0.255
-0.270
-0.275
-0.295
-0.300
-0.320
-0.325
-0.330
-0.340
-0.350
-0.355
-0.370
-0.395
-0.430
-0.440
-0.470
-0.480
-0.490
-0.495
-0.510
-0.500
-0.500
-0.505
-0.500
-0.500
-0.495
-0.500
-0.495
-0.490
-0.470
-0.460
-0.430
-0.400
-0.360
-0.335
-0.310
-0.285
-0.255
-0.220
-0.200
-0.160
-0.125
-0.090
-0.065
-0.030
-0.005
0.015
0.015
0.045
0.065
0.065
0.065
0.065
0.075
0.085
0.080
0.105
0.115
0.115
0.125
0.120
0.115
0.100
0.095
0.105
0.115
0.125
0.125
0.125
0.140
0.145
0.145
0.130
0.125
0.120
0.130
0.120
0.115
0.115
0.140
0.140
0.135
0.140
0.140
0.145
0.135
0.140
0.135
0.155
0.165
0.190
0.210
0.230
0.265
0.265
0.280
0.300
0.300
0.305
0.320
0.340
0.370
0.405
0.445
0.485
0.505
0.490
0.460
0.440
0.425
0.410
0.415
0.420
0.435
0.440
0.420
0.410
0.390
0.360
0.330
0.305
0.275
0.250
0.240
0.220
0.190
0.190
0.190
0.180
0.180
0.175
0.180
0.175
0.170
0.165
0.170
0.185
0.185
0.195
0.200
0.200
0.220
0.235
0.255
0.275
0.325
0.410
0.535
0.720
0.920
1.120
1.305
1.470
1.610
1.765
1.900
1.980
2.030
2.020
1.960
1.860
1.685
1.450
1.155
0.860
0.610
0.405
0.265
0.185
0.150
0.135
0.125
0.130
0.115
0.105
0.095
0.095
0.095
0.075
0.085
0.085
0.080
0.075
0.055
0.050
0.060
0.060
0.050
0.070
0.075
0.075
0.075
0.070
0.055
0.055
0.050
0.050
0.050
0.040
0.060
0.070
0.065
0.070
0.055
0.050
0.035
0.025
0.020
0.005
0.015
0.015
0.015
0.010
0.015
0.000
-0.005
-0.015
-0.035
-0.055
-0.070
-0.090
-0.095
-0.100
-0.100
-0.100
-0.100
-0.110
-0.115
-0.140
-0.150
-0.160
-0.170
-0.170
-0.160
-0.155
-0.140
-0.115
-0.095
-0.100
-0.075
-0.065
-0.050
-0.035
-0.010
0.015
0.050
0.075
0.100
0.130
0.165
0.190
0.210
0.215
0.225
0.230
0.240
0.265
0.275
0.290
0.285
0.295
0.305
0.310
0.320
0.310
0.305
0.290
0.275
0.285
0.285
0.295
0.305
0.310
0.320
0.320
0.315
0.315
0.315
0.305
0.295
0.290
0.290
0.300
0.295
0.305
0.320
0.320
0.315
0.310
0.305
0.295
0.290
0.295
0.295
0.300
0.310
0.325
0.330
0.330
0.345
0.365
0.375
0.380
0.390
0.410
0.435
0.445
0.470
0.485
0.510
0.545
0.575
0.600
0.640
0.650
0.640
0.635
0.620
0.605
0.590
0.600
0.610
0.615
0.620
0.605
0.575
0.535
0.485
0.455
0.435
0.410
0.405
0.385
0.385
0.370
0.350
0.325
0.325
0.295
0.290
0.290
0.300
0.325
0.325
0.325
0.340
0.350
0.350
0.355
0.340
0.330
0.320
0.335
0.390
0.480
0.595
0.760
0.955
1.155
1.335
1.510
1.660
1.815
1.935
2.030
2.065
2.075
2.020
1.915
1.750
1.500
1.220
0.935
0.710
0.535
0.420
0.350
0.330
0.335
0.330
0.320
0.295
0.260
0.225
0.205
0.185
0.185
0.175
0.175
0.180
0.175
0.185
0.190
0.195
0.190
0.190
0.175
0.175
0.155
0.160
0.165
0.165
0.175
0.175
0.180
0.180
0.180
0.175
0.165
0.165
0.160
0.150
0.155
0.145
0.135
0.135
0.155
0.160
0.145
0.140
0.135
0.115
0.100
0.100
0.085
0.070
0.060
0.045
0.045
0.030
0.025
0.010
-0.005
-0.020
-0.040
-0.050
-0.070
-0.080
-0.090
-0.090
-0.080
-0.070
-0.080
-0.080
-0.090
-0.100
-0.085
-0.080
-0.070
-0.050
-0.025
0.005
0.030
0.055
0.080
0.095
0.120
0.135
0.155
0.180
0.195
0.225
0.255
0.275
0.290
0.315
0.325
0.325
0.310
0.335
0.330
0.320
0.325
0.330
0.345
0.360
0.370
0.375
0.375
0.370
0.360
0.360
0.355
0.350
0.360
0.350
0.360
0.345
0.365
0.365
0.355
0.360
0.370
0.365
0.355
0.345
0.330
0.335
0.345
0.350
0.365
0.370
0.370
0.380
0.365
0.360
0.350
0.350
0.360
0.355
0.370
0.365
0.385
0.415
0.445
0.450
0.460
0.475
0.485
0.490
0.500
0.515
0.545
0.590
0.625
0.670
0.690
0.695
0.680
0.660
0.615
0.600
0.590
0.595
0.605
0.605
0.610
0.600
0.580
0.550
0.525
0.480
0.445
0.405
0.385
0.365
0.375
0.365
0.350
0.345
0.330
0.330
0.315
0.315
0.300
0.295
0.305
0.310
0.315
0.325
0.325
0.325
0.340
0.345
0.335
0.340
0.345
0.385
0.455
0.565
0.730
0.895
1.090
1.275
1.440
1.595
1.735
1.860
1.950
1.995
2.010
1.980
1.930
1.835
1.665
1.450
1.180
0.930
0.710
0.545
0.420
0.365
0.335
0.320
0.325
0.310
0.275
0.255
0.210
0.185
0.175
0.165
0.160
0.150
0.145
0.160
0.155
0.165
0.160
0.150
0.155
0.145
0.135
0.125
0.105
0.120
0.110
0.115
0.125
0.130
0.135
0.140
0.140
0.130
0.125
0.100
0.105
0.095
0.095
0.085
0.090
0.090
0.090
0.100
0.085
0.080
0.065
0.045
0.020
0.020
0.015
0.000
0.000
-0.015
-0.015
-0.020
-0.030
-0.045
-0.075
-0.075
-0.105
-0.120
-0.115
-0.125
-0.125
-0.125
-0.115
-0.100
-0.100
-0.105
-0.090
-0.085
-0.080
-0.085
-0.065
-0.045
-0.010
0.015
0.040
0.070
0.085
0.115
0.120
0.140
0.155
0.155
0.180
0.195
0.215
0.240
0.260
0.275
0.280
0.285
0.285
0.280
0.280
0.280
0.280
0.285
0.290
0.295
0.300
0.310
0.300
0.300
0.310
0.290
0.285
0.280
0.270
0.280
0.290
0.300
0.300
0.315
0.310
0.310
0.310
0.290
0.295
0.280
0.285
0.275
0.285
0.285
0.290
0.290
0.290
0.285
0.290
0.280
0.275
0.265
0.270
0.270
0.275
0.285
0.320
0.335
0.360
0.375
0.390
0.405
0.405
0.420
0.415
0.430
0.460
0.495
0.520
0.575
0.600
0.620
0.615
0.600
0.550
0.545
0.520
0.520
0.535
0.545
0.540
0.550
0.520
0.495
0.460
0.415
0.395
0.350
0.335
0.320
0.315
0.305
0.295
0.285
0.265
0.255
0.235
0.225
0.210
0.225
0.220
0.235
0.245
0.245
0.255
0.250
0.245
0.235
0.230
0.240
0.240
0.275
0.340
0.445
0.605
0.785
0.965
1.155
1.310
1.460
1.610
1.740
1.850
1.925
1.960
1.940
1.875
1.800
1.645
1.445
1.180
0.920
0.675
0.500
0.355
0.270
0.225
0.220
0.215
0.195
0.180
0.150
0.105
0.065
0.050
0.045
0.040
0.040
0.040
0.030
0.030
0.040
0.030
0.035
0.020
0.025
0.015
0.015
0.010
0.000
0.000
-0.005
0.000
-0.005
-0.005
0.000
0.005
-0.005
-0.010
-0.010
-0.015
-0.025
-0.035
-0.040
-0.045
-0.040
-0.040
-0.040
-0.050
-0.055
-0.060
-0.075
-0.085
-0.105
-0.120
-0.120
-0.130
-0.150
-0.145
-0.160
-0.165
-0.180
-0.185
-0.205
-0.215
-0.230
-0.245
-0.250
-0.250
-0.260
-0.270
-0.255
-0.260
-0.270
-0.265
-0.265
-0.265
-0.265
-0.260
-0.235
-0.210
-0.190
-0.165
-0.135
-0.130
-0.095
-0.090
-0.065
-0.050
-0.030
-0.015
0.005
0.030
0.050
0.060
0.095
0.100
0.110
0.110
0.110
0.100
0.090
0.100
0.085
0.095
0.110
0.105
0.120
0.105
0.090
0.100
0.090
0.095
0.090
0.090
0.090
0.090
0.100
0.100
0.100
0.100
0.100
0.095
0.075
0.075
0.070
0.060
0.075
0.070
0.080
0.080
0.080
0.075
0.075
0.065
0.060
0.050
0.045
0.060
0.060
0.080
0.080
0.105
0.115
0.130
0.155
0.155
0.160
0.180
0.180
0.180
0.205
0.225
0.260
0.300
0.330
0.360
0.375
0.355
0.330
0.290
0.265
0.265
0.260
0.270
0.275
0.280
0.280
0.250
0.225
0.180
0.130
0.100
0.070
0.045
0.030
0.015
0.020
0.005
0.000
-0.015
-0.020
-0.030
-0.045
-0.055
-0.055
-0.055
-0.080
-0.060
-0.055
-0.050
-0.035
-0.035
-0.035
-0.050
-0.045
-0.030
0.020
0.095
0.220
0.395
0.585
0.795
0.985
1.155
1.320
1.465
1.570
1.655
1.665
1.620
1.535
1.395
1.190
0.920
0.635
0.375
0.170
0.025
-0.065
-0.110
-0.115
-0.115
-0.125
-0.160
-0.180
-0.210
-0.230
-0.250
-0.250
-0.250
-0.255
-0.270
-0.275
-0.285
-0.295
-0.300
-0.300
-0.295
-0.290
-0.300
-0.305
-0.305
-0.325
-0.325
-0.320
-0.330
-0.335
-0.340
-0.320
-0.325
-0.330
-0.330
-0.335
-0.340
-0.345
-0.365
-0.375
-0.390
-0.375
-0.390
-0.380
-0.390
-0.395
-0.410
-0.420
-0.425
-0.435
-0.460
-0.475
-0.480
-0.490
-0.500
-0.510
-0.515
-0.505
-0.520
-0.530
-0.540
-0.560
-0.575
-0.585
-0.590
-0.600
-0.595
-0.595
-0.595
-0.585
-0.580
-0.575
-0.570
-0.570
-0.565
-0.550
-0.540
-0.510
-0.485
-0.460
-0.445
-0.420
-0.400
-0.380
-0.365
-0.345
-0.325
-0.315
-0.315
-0.295
-0.275
-0.260
-0.255
-0.230
-0.235
-0.220
-0.225
-0.235
-0.230
-0.235
-0.230
-0.225
-0.220
-0.210
-0.200
-0.200
-0.190
-0.175
-0.170
-0.150
-0.125
-0.105
-0.075
-0.030
0.020
0.080
0.150
0.220
0.285
0.365
0.455
0.550
0.640
0.700
0.685
0.565
0.325
-0.055
-0.510
-0.965
-1.380
-1.680
-1.910
-2.050
-2.180
-2.275
-2.360
-2.405
-2.420
-2.400
-2.370
-2.320
-2.255
-2.160
-2.070
-1.965
-1.850
-1.750
-1.670
-1.590
-1.505
-1.445
-1.350
-1.250
-1.170
-1.070
-0.980
-0.905
-0.845
-0.805
-0.755
-0.715
-0.655
-0.575
-0.450
-0.320
-0.170
-0.040
0.065
0.140
0.170
0.165
0.150
0.140
0.140
0.140
0.160
0.170
0.195
0.210
0.225
0.235
0.235
0.250
0.250
0.280
0.300
0.320
0.340
0.370
0.380
0.400
0.410
0.425
0.420
0.440
0.455
0.480
0.500
0.530
0.545
0.575
0.605
0.630
0.645
0.655
0.665
0.685
0.680
0.690
0.700
0.725
0.725
0.750
0.735
0.735
0.705
0.690
0.670
0.630
0.610
0.580
0.545
0.525
0.500
0.470
0.440
0.385
0.340
0.295
0.265
0.225
0.185
0.145
0.110
0.085
0.055
0.035
0.025
-0.010
-0.040
-0.065
-0.100
-0.115
-0.140
-0.160
-0.170
-0.185
-0.200
-0.205
-0.200
-0.215
-0.230
-0.240
-0.250
-0.265
-0.265
-0.265
-0.265
-0.255
-0.275
-0.265
-0.255
-0.260
-0.255
-0.270
-0.280
-0.275
-0.285
-0.280
-0.280
-0.275
-0.270
-0.260
-0.270
-0.255
-0.260
-0.270
-0.300
-0.285
-0.290
-0.295
-0.300
-0.295
-0.285
-0.300
-0.305
-0.310
-0.320
-0.325
-0.320
-0.330
-0.330
-0.345
-0.345
-0.350
-0.345
-0.325
-0.340
-0.325
-0.335
-0.330
-0.335
-0.345
-0.345
-0.340
-0.340
-0.345
-0.340
-0.330
-0.330
-0.350
-0.360
-0.355
-0.345
-0.355
-0.360
-0.360
-0.360
-0.345
-0.355
-0.340
-0.355
-0.350
-0.355
-0.360
-0.375
-0.370
-0.375
-0.380
-0.370
-0.380
-0.365
-0.360
-0.360
-0.365
-0.365
-0.380
-0.385
-0.380
-0.385
-0.375
-0.380
-0.355
-0.345
-0.320
-0.315
-0.290
-0.275
-0.265
-0.245
-0.240
-0.225
-0.225
-0.210
-0.185
-0.165
-0.130
-0.100
-0.080
-0.065
-0.060
-0.075
-0.095
-0.120
-0.140
-0.135
-0.125
-0.100
-0.090
-0.100
-0.130
-0.160
-0.195
-0.235
-0.270
-0.290
-0.320
-0.330
-0.365
-0.355
-0.375
-0.380
-0.390
-0.410
-0.420
-0.435
-0.440
-0.435
-0.435
-0.430
-0.425
-0.410
-0.420
-0.415
-0.410
-0.410
-0.405
-0.395
-0.385
-0.335
-0.250
-0.115
0.060
0.260
0.470
0.665
0.840
1.005
1.145
1.280
1.365
1.390
1.365
1.285
1.150
0.945
0.685
0.400
0.120
-0.090
-0.225
-0.325
-0.395
-0.420
-0.425
-0.445
-0.480
-0.515
-0.530
-0.555
-0.570
-0.580
-0.595
-0.600
-0.605
-0.615
-0.630
-0.630
-0.625
-0.620
-0.615
-0.615
-0.635
-0.640
-0.645
-0.660
-0.665
-0.650
-0.660
-0.655
-0.645
-0.650
-0.650
-0.670
-0.660
-0.645
-0.660
-0.665
-0.675
-0.680
-0.700
-0.695
-0.690
-0.700
-0.680
-0.700
-0.710
-0.725
-0.750
-0.765
-0.775
-0.800
-0.820
-0.825
-0.845
-0.860
-0.860
-0.885
-0.900
-0.920
-0.935
-0.960
-0.975
-0.980
-1.000
-1.010
-1.000
-1.005
-1.000
-1.005
-1.000
-1.015
-1.015
-1.020
-1.015
-0.995
-0.975
-0.950
-0.910
-0.895
-0.860
-0.825
-0.795
-0.765
-0.745
-0.725
-0.705
-0.670
-0.640
-0.630
-0.575
-0.540
-0.505
-0.485
-0.475
-0.470
-0.470
-0.470
-0.455
-0.460
-0.455
-0.435
-0.430
-0.435
-0.415
-0.415
-0.405
-0.405
-0.420
-0.430
-0.430
-0.435
-0.430
-0.420
-0.400
-0.395
-0.395
-0.385
-0.390
-0.380
-0.390
-0.380
-0.360
-0.350
-0.340
-0.325
-0.300
-0.300
-0.270
-0.285
-0.245
-0.225
-0.210
-0.170
-0.110
-0.050
0.025
0.160
0.295
0.420
0.540
0.645
0.760
0.870
0.970
1.065
1.145
1.240
1.325
1.410
1.450
1.415
1.305
1.065
0.690
0.180
-0.350
-0.835
-1.225
-1.505
-1.630
-1.640
-1.585
-1.480
-1.365
-1.265
-1.185
-1.110
-1.035
-0.960
-0.875
-0.780
-0.685
-0.595
-0.545
-0.530
-0.530
-0.540
-0.550
-0.545
-0.540
-0.540
-0.525
-0.525
-0.515
-0.520
-0.520
-0.515
-0.510
-0.505
-0.495
-0.510
-0.515
-0.515
-0.515
-0.510
-0.510
-0.505
-0.505
-0.515
-0.505
-0.510
-0.505
-0.505
-0.510
-0.520
-0.515
-0.510
-0.505
-0.500
-0.495
-0.485
-0.485
-0.490
-0.490
-0.490
-0.500
-0.500
-0.500
-0.495
-0.480
-0.465
-0.450
-0.430
-0.410
-0.395
-0.385
-0.385
-0.370
-0.365
-0.350
-0.335
-0.325
-0.285
-0.265
-0.230
-0.220
-0.200
-0.190
-0.195
-0.190
-0.195
-0.200
-0.205
-0.210
-0.215
-0.210
-0.200
-0.210
-0.205
-0.220
-0.235
-0.240
-0.265
-0.285
-0.310
-0.315
-0.325
-0.330
-0.335
-0.335
-0.335
-0.345
-0.345
-0.355
-0.360
-0.370
-0.365
-0.360
-0.350
-0.355
-0.345
-0.345
-0.350
-0.345
-0.355
-0.360
-0.365
-0.360
-0.380
-0.370
-0.375
-0.370
-0.365
-0.355
-0.355
-0.340
-0.325
-0.335
-0.320
-0.325
-0.335
-0.335
-0.330
-0.325
-0.330
-0.315
-0.325
-0.315
-0.310
-0.310
-0.315
-0.325
-0.335
-0.345
-0.340
-0.335
-0.345
-0.330
-0.310
-0.325
-0.310
-0.315
-0.330
-0.340
-0.350
-0.345
-0.340
-0.325
-0.320
-0.305
-0.305
-0.310
-0.315
-0.320
-0.330
-0.330
-0.330
-0.330
-0.320
-0.315
-0.315
-0.310
-0.300
-0.300
-0.305
-0.320
-0.325
-0.335
-0.335
-0.325
-0.325
-0.310
-0.290
-0.280
-0.285
-0.275
-0.265
-0.260
-0.255
-0.245
-0.225
-0.210
-0.200
-0.185
-0.175
-0.150
-0.150
-0.130
-0.095
-0.065
-0.045
-0.005
0.020
0.025
0.000
-0.015
-0.020
-0.010
0.000
-0.005
0.005
-0.005
-0.025
-0.060
-0.100
-0.145
-0.185
-0.215
-0.235
-0.225
-0.250
-0.260
-0.280
-0.300
-0.320
-0.330
-0.340
-0.330
-0.320
-0.310
-0.305
-0.285
-0.290
-0.285
-0.290
-0.295
-0.300
-0.305
-0.315
-0.285
-0.255
-0.170
-0.055
0.125
0.325
0.530
0.740
0.925
1.090
1.240
1.385
1.495
1.560
1.570
1.520
1.415
1.215
0.940
0.610
0.285
0.020
-0.150
-0.235
-0.290
-0.290
-0.290
-0.300
-0.320
-0.370
-0.400
-0.440
-0.475
-0.490
-0.495
-0.480
-0.480
-0.485
-0.490
-0.505
-0.505
-0.500
-0.505
-0.505
-0.515
-0.525
-0.515
-0.505
-0.500
-0.495
-0.485
-0.495
-0.495
-0.505
-0.525
-0.530
-0.540
-0.550
-0.550
-0.555
-0.555
-0.545
-0.540
-0.545
-0.545
-0.530
-0.535
-0.550
-0.570
-0.585
-0.625
-0.640
-0.660
-0.655
-0.665
-0.660
-0.650
-0.655
-0.690
-0.695
-0.720
-0.750
-0.765
-0.785
-0.800
-0.800
-0.815
-0.825
-0.815
-0.820
-0.820
-0.840
-0.855
-0.855
-0.860
-0.865
-0.865
-0.835
-0.830
-0.820
-0.800
-0.790
-0.770
-0.745
-0.735
-0.710
-0.680
-0.675
-0.635
-0.605
-0.570
-0.530
-0.495
-0.475
-0.460
-0.430
-0.425
-0.405
-0.390
-0.370
-0.355
-0.340
-0.325
-0.320
-0.300
-0.310
-0.315
-0.310
-0.315
-0.320
-0.320
-0.325
-0.330
-0.330
-0.320
-0.340
-0.330
-0.325
-0.325
-0.325
-0.330
-0.315
-0.325
-0.305
-0.305
-0.310
-0.300
-0.300
-0.285
-0.290
-0.310
-0.300
-0.320
-0.315
-0.330
-0.325
-0.320
-0.330
-0.325
-0.315
-0.315
-0.300
-0.290
-0.290
-0.305
-0.300
-0.300
-0.290
-0.275
-0.260
-0.235
-0.220
-0.195
-0.185
-0.185
-0.180
-0.165
-0.175
-0.135
-0.120
-0.075
-0.035
-0.005
0.015
0.025
0.000
-0.025
-0.035
-0.055
-0.060
-0.055
-0.055
-0.055
-0.065
-0.080
-0.095
-0.120
-0.150
-0.180
-0.200
-0.235
-0.265
-0.285
-0.295
-0.305
-0.320
-0.320
-0.345
-0.340
-0.335
-0.330
-0.335
-0.345
-0.350
-0.350
-0.355
-0.345
-0.335
-0.325
-0.315
-0.290
-0.290
-0.265
-0.210
-0.125
0.025
0.230
0.435
0.665
0.875
1.045
1.225
1.360
1.470
1.520
1.515
1.445
1.290
1.040
0.715
0.375
0.045
-0.155
-0.295
-0.340
-0.345
-0.330
-0.330
-0.345
-0.385
-0.435
-0.470
-0.490
-0.495
-0.490
-0.480
-0.485
-0.485
-0.490
-0.495
-0.500
-0.495
-0.500
-0.505
-0.495
-0.500
-0.495
-0.495
-0.495
-0.500
-0.505
-0.510
-0.525
-0.535
-0.540
-0.540
-0.540
-0.540
-0.535
-0.525
-0.520
-0.515
-0.530
-0.530
-0.550
-0.555
-0.565
-0.570
-0.570
-0.580
-0.585
-0.585
-0.595
-0.600
-0.625
-0.635
-0.660
-0.680
-0.700
-0.710
-0.715
-0.720
-0.725
-0.730
-0.725
-0.730
-0.735
-0.740
-0.750
-0.755
-0.750
-0.720
-0.690
-0.645
-0.595
-0.540
-0.495
-0.460
-0.425
-0.395
-0.365
-0.315
-0.295
-0.270
-0.235
-0.210
-0.195
-0.185
-0.175
-0.185
-0.220
-0.245
-0.285
-0.305
-0.320
-0.335
-0.345
-0.355
-0.360
-0.375
-0.385
-0.390
-0.400
-0.415
-0.425
-0.430
-0.415
-0.420
-0.420
-0.425
-0.415
-0.410
-0.410
-0.420
-0.405
-0.405
-0.405
-0.405
-0.410
-0.415
-0.410
-0.415
-0.405
-0.390
-0.360
-0.325
-0.265
-0.160
-0.020
0.160
0.355
0.525
0.680
0.810
0.925
1.045
1.150
1.225
1.280
1.310
1.295
1.190
1.000
0.675
0.320
-0.025
-0.285
-0.435
-0.460
-0.455
-0.415
-0.390
-0.380
-0.395
-0.440
-0.490
-0.520
-0.530
-0.525
-0.525
-0.515
-0.505
-0.515
-0.515
-0.525
-0.525
-0.535
-0.525
-0.535
-0.530
-0.540
-0.535
-0.530
-0.530
-0.525
-0.540
-0.555
-0.550
-0.565
-0.580
-0.565
-0.575
-0.575
-0.565
-0.570
-0.565
-0.575
-0.575
-0.580
-0.595
-0.610
-0.640
-0.630
-0.635
-0.640
-0.640
-0.630
-0.640
-0.645
-0.665
-0.680
-0.690
-0.710
-0.730
-0.735
-0.745
-0.755
-0.750
-0.745
-0.745
-0.760
-0.750
-0.760
-0.770
-0.775
-0.775
-0.765
-0.760
-0.740
-0.720
-0.695
-0.680
-0.660
-0.625
-0.620
-0.605
-0.585
-0.565
-0.540
-0.525
-0.505
-0.470
-0.440
-0.430
-0.415
-0.400
-0.390
-0.390
-0.385
-0.385
-0.380
-0.385
-0.365
-0.360
-0.370
-0.360
-0.360
-0.365
-0.370
-0.370
-0.390
-0.400
-0.390
-0.375
-0.370
-0.375
-0.350
-0.350
-0.370
-0.365
-0.375
-0.375
-0.380
-0.375
-0.385
-0.390
-0.385
-0.380
-0.365
-0.360
-0.360
-0.365
-0.365
-0.365
-0.370
-0.380
-0.370
-0.375
-0.375
-0.370
-0.360
-0.360
-0.370
-0.360
-0.360
-0.370
-0.365
-0.360
-0.360
-0.340
-0.325
-0.310
-0.300
-0.280
-0.240
-0.205
-0.160
-0.130
-0.065
0.000
0.065
0.145
0.245
0.350
0.455
0.560
0.615
0.610
0.520
0.320
0.005
-0.400
-0.855
-1.290
-1.625
-1.890
-2.100
-2.265
-2.430
-2.550
-2.620
-2.650
-2.645
-2.610
-2.540
-2.450
-2.330
-2.220
-2.070
-1.925
-1.800
-1.685
-1.620
-1.580
-1.510
-1.440
-1.335
-1.235
-1.145
-1.085
-1.020
-0.990
-0.950
-0.890
-0.815
-0.715
-0.595
-0.445
-0.295
-0.180
-0.075
-0.010
0.020
0.010
0.010
0.005
-0.005
0.000
0.010
0.020
0.045
0.060
0.075
0.100
0.120
0.140
0.150
0.170
0.175
0.180
0.180
0.200
0.215
0.230
0.240
0.280
0.315
0.335
0.350
0.365
0.385
0.410
0.430
0.450
0.480
0.500
0.550
0.570
0.610
0.635
0.660
0.675
0.690
0.695
0.695
0.700
0.700
0.700
0.710
0.710
0.725
0.700
0.675
0.655
0.630
0.600
0.570
0.535
0.495
0.470
0.445
0.410
0.395
0.360
0.310
0.280
0.220
0.195
0.160
0.130
0.095
0.070
0.040
0.015
-0.010
-0.035
-0.055
-0.080
-0.105
-0.130
-0.150
-0.170
-0.190
-0.185
-0.190
-0.195
-0.200
-0.195
-0.200
-0.205
-0.230
-0.220
-0.230
-0.230
-0.240
-0.230
-0.225
-0.225
-0.220
-0.220
-0.225
-0.225
-0.230
-0.225
-0.235
-0.245
-0.245
-0.250
-0.240
-0.240
-0.235
-0.230
-0.230
-0.235
-0.240
-0.260
-0.255
-0.265
-0.270
-0.270
-0.270
-0.270
-0.245
-0.260
-0.265
-0.260
-0.285
-0.290
-0.295
-0.295
-0.305
-0.305
-0.305
-0.305
-0.295
-0.295
-0.300
-0.300
-0.310
-0.310
-0.315
-0.315
-0.320
-0.330
-0.315
-0.320
-0.325
-0.310
-0.310
-0.295
-0.295
-0.320
-0.320
-0.320
-0.325
-0.325
-0.320
-0.315
-0.320
-0.310
-0.315
-0.310
-0.315
-0.315
-0.325
-0.340
-0.320
-0.340
-0.340
-0.315
-0.305
-0.315
-0.320
-0.315
-0.320
-0.325
-0.325
-0.325
-0.310
-0.320
-0.305
-0.295
-0.275
-0.275
-0.250
-0.245
-0.225
-0.225
-0.205
-0.205
-0.180
-0.165
-0.155
-0.145
-0.120
-0.090
-0.080
-0.030
-0.015
0.015
0.015
0.005
-0.010
-0.040
-0.060
-0.060
-0.040
-0.035
-0.035
-0.025
-0.050
-0.070
-0.115
-0.150
-0.180
-0.205
-0.215
-0.235
-0.240
-0.250
-0.265
-0.280
-0.300
-0.325
-0.340
-0.345
-0.355
-0.355
-0.345
-0.330
-0.320
-0.315
-0.310
-0.310
-0.315
-0.315
-0.305
-0.290
-0.215
-0.100
0.060
0.270
0.485
0.690
0.880
1.055
1.210
1.340
1.435
1.475
1.470
1.395
1.260
1.025
0.730
0.395
0.110
-0.090
-0.235
-0.300
-0.325
-0.340
-0.345
-0.375
-0.410
-0.430
-0.460
-0.485
-0.495
-0.490
-0.500
-0.500
-0.515
-0.520
-0.525
-0.530
-0.515
-0.530
-0.520
-0.525
-0.520
-0.535
-0.535
-0.540
-0.555
-0.570
-0.565
-0.560
-0.550
-0.545
-0.545
-0.540
-0.550
-0.560
-0.565
-0.580
-0.580
-0.585
-0.580
-0.585
-0.590
-0.605
-0.610
-0.610
-0.620
-0.630
-0.660
-0.680
-0.705
-0.725
-0.735
-0.745
-0.755
-0.770
-0.780
-0.790
-0.825
-0.840
-0.845
-0.860
-0.880
-0.900
-0.915
-0.930
-0.925
-0.915
-0.910
-0.895
-0.900
-0.910
-0.890
-0.890
-0.880
-0.860
-0.845
-0.820
-0.785
-0.750
-0.710
-0.680
-0.645
-0.605
-0.575
-0.545
-0.520
-0.500
-0.470
-0.445
-0.415
-0.390
-0.355
-0.335
-0.335
-0.315
-0.305
-0.300
-0.310
-0.320
-0.320
-0.320
-0.310
-0.295
-0.290
-0.280
-0.285
-0.295
-0.295
-0.275
-0.285
-0.295
-0.285
-0.285
-0.290
-0.270
-0.265
-0.265
-0.260
-0.270
-0.275
-0.275
-0.285
-0.285
-0.305
-0.290
-0.285
-0.280
-0.270
-0.270
-0.275
-0.265
-0.255
-0.240
-0.240
-0.215
-0.205
-0.185
-0.160
-0.140
-0.115
-0.110
-0.110
-0.105
-0.085
-0.065
-0.045
-0.015
0.005
0.025
0.035
0.025
-0.010
-0.010
-0.010
-0.025
-0.025
-0.020
-0.010
-0.035
-0.060
-0.075
-0.100
-0.125
-0.155
-0.175
-0.195
-0.215
-0.230
-0.260
-0.270
-0.295
-0.305
-0.310
-0.325
-0.315
-0.300
-0.300
-0.295
-0.300
-0.290
-0.295
-0.295
-0.305
-0.300
-0.300
-0.290
-0.265
-0.210
-0.135
-0.020
0.140
0.320
0.515
0.690
0.850
1.010
1.155
1.290
1.405
1.455
1.460
1.400
1.305
1.135
0.900
0.610
0.310
0.070
-0.110
-0.225
-0.285
-0.290
-0.285
-0.295
-0.315
-0.360
-0.395
-0.425
-0.460
-0.455
-0.455
-0.440
-0.435
-0.430
-0.425
-0.440
-0.445
-0.460
-0.460
-0.475
-0.470
-0.470
-0.465
-0.465
-0.460
-0.465
-0.460
-0.470
-0.465
-0.470
-0.495
-0.495
-0.490
-0.505
-0.500
-0.485
-0.490
-0.485
-0.485
-0.490
-0.495
-0.510
-0.510
-0.535
-0.535
-0.550
-0.560
-0.555
-0.560
-0.565
-0.575
-0.595
-0.615
-0.625
-0.635
-0.650
-0.655
-0.675
-0.675
-0.670
-0.675
-0.665
-0.675
-0.675
-0.680
-0.685
-0.680
-0.680
-0.670
-0.655
-0.650
-0.630
-0.610
-0.585
-0.560
-0.535
-0.505
-0.490
-0.490
-0.475
-0.455
-0.430
-0.415
-0.390
-0.375
-0.330
-0.320
-0.315
-0.320
-0.305
-0.305
-0.320
-0.320
-0.305
-0.305
-0.285
-0.285
-0.265
-0.270
-0.280
-0.275
-0.285
-0.290
-0.295
-0.290
-0.300
-0.300
-0.290
-0.290
-0.285
-0.285
-0.285
-0.275
-0.285
-0.300
-0.295
-0.310
-0.305
-0.295
-0.295
-0.295
-0.290
-0.295
-0.300
-0.290
-0.295
-0.295
-0.310
-0.315
-0.315
-0.310
-0.300
-0.290
-0.275
-0.260
-0.250
-0.230
-0.215
-0.200
-0.185
-0.175
-0.155
-0.150
-0.130
-0.110
-0.080
-0.050
-0.015
0.015
0.035
0.040
0.030
0.010
-0.005
-0.025
-0.030
-0.020
-0.010
-0.005
-0.025
-0.030
-0.060
-0.095
-0.135
-0.165
-0.190
-0.215
-0.215
-0.225
-0.240
-0.250
-0.275
-0.300
-0.290
-0.310
-0.320
-0.320
-0.325
-0.310
-0.300
-0.285
-0.285
-0.285
-0.275
-0.275
-0.280
-0.275
-0.270
-0.245
-0.190
-0.095
0.050
0.225
0.420
0.625
0.805
0.970
1.120
1.250
1.360
1.420
1.440
1.410
1.345
1.215
1.030
0.765
0.485
0.225
0.015
-0.130
-0.220
-0.285
-0.285
-0.295
-0.300
-0.320
-0.345
-0.390
-0.420
-0.435
-0.445
-0.450
-0.465
-0.465
-0.450
-0.450
-0.455
-0.450
-0.460
-0.455
-0.460
-0.475
-0.480
-0.475
-0.490
-0.475
-0.485
-0.485
-0.480
-0.480
-0.470
-0.465
-0.475
-0.480
-0.495
-0.510
-0.515
-0.510
-0.510
-0.505
-0.510
-0.495
-0.500
-0.500
-0.520
-0.530
-0.535
-0.550
-0.570
-0.580
-0.590
-0.590
-0.600
-0.605
-0.620
-0.625
-0.640
-0.660
-0.680
-0.695
-0.695
-0.715
-0.720
-0.720
-0.720
-0.730
-0.725
-0.730
-0.735
-0.715
-0.715
-0.720
-0.715
-0.710
-0.690
-0.670
-0.640
-0.620
-0.590
-0.570
-0.550
-0.530
-0.500
-0.480
-0.470
-0.460
-0.415
-0.415
-0.375
-0.350
-0.330
-0.310
-0.310
-0.290
-0.285
-0.295
-0.290
-0.295
-0.285
-0.290
-0.280
-0.275
-0.265
-0.260
-0.260
-0.265
-0.270
-0.285
-0.285
-0.295
-0.285
-0.280
-0.275
-0.270
-0.260
-0.255
-0.255
-0.265
-0.270
-0.260
-0.270
-0.275
-0.270
-0.270
-0.265
-0.265
-0.255
-0.260
-0.260
-0.260
-0.260
-0.265
-0.280
-0.285
-0.295
-0.280
-0.265
-0.250
-0.230
-0.225
-0.220
-0.200
-0.185
-0.170
-0.160
-0.140
-0.130
-0.115
-0.100
-0.090
-0.050
-0.025
0.015
0.050
0.070
0.050
0.025
0.005
-0.020
-0.030
-0.015
-0.010
0.010
0.010
-0.015
-0.030
-0.065
-0.100
-0.125
-0.165
-0.185
-0.200
-0.210
-0.215
-0.225
-0.255
-0.270
-0.275
-0.290
-0.305
-0.310
-0.320
-0.305
-0.300
-0.300
-0.290
-0.270
-0.275
-0.275
-0.280
-0.295
-0.270
-0.265
-0.235
-0.155
-0.050
0.110
0.300
0.505
0.695
0.850
1.020
1.155
1.290
1.380
1.440
1.450
1.405
1.335
1.195
0.985
0.725
0.445
0.190
-0.020
-0.155
-0.240
-0.275
-0.280
-0.290
-0.295
-0.310
-0.345
-0.385
-0.415
-0.420
-0.440
-0.455
-0.450
-0.450
-0.445
-0.440
-0.440
-0.430
-0.430
-0.430
-0.440
-0.430
-0.445
-0.455
-0.450
-0.455
-0.460
-0.450
-0.450
-0.450
-0.450
-0.445
-0.450
-0.450
-0.465
-0.475
-0.485
-0.505
-0.505
-0.505
-0.505
-0.500
-0.485
-0.500
-0.515
-0.525
-0.530
-0.545
-0.550
-0.560
-0.590
-0.575
-0.580
-0.590
-0.595
-0.600
-0.615
-0.635
-0.645
-0.655
-0.670
-0.695
-0.695
-0.695
-0.685
-0.685
-0.685
-0.665
-0.655
-0.655
-0.650
-0.635
-0.620
-0.585
-0.580
-0.550
-0.525
-0.495
-0.460
-0.440
-0.410
-0.385
-0.365
-0.355
-0.340
-0.335
-0.310
-0.300
-0.285
-0.275
-0.260
-0.260
-0.245
-0.245
-0.250
-0.255
-0.260
-0.265
-0.270
-0.275
-0.265
-0.250
-0.245
-0.235
-0.240
-0.250
-0.245
-0.245
-0.250
-0.250
-0.250
-0.250
-0.250
-0.250
-0.245
-0.245
-0.245
-0.240
-0.250
-0.245
-0.265
-0.265
-0.260
-0.270
-0.260
-0.260
-0.250
-0.245
-0.245
-0.235
-0.240
-0.225
-0.225
-0.220
-0.205
-0.190
-0.175
-0.145
-0.125
-0.110
-0.090
-0.090
-0.090
-0.060
-0.040
-0.025
0.005
0.040
0.055
0.075
0.065
0.045
0.025
0.010
0.000
0.015
0.000
-0.005
0.010
-0.010
-0.035
-0.085
-0.110
-0.135
-0.160
-0.170
-0.195
-0.215
-0.230
-0.255
-0.265
-0.270
-0.270
-0.280
-0.270
-0.270
-0.275
-0.265
-0.280
-0.290
-0.290
-0.290
-0.280
-0.270
-0.260
-0.250
-0.245
-0.225
-0.170
-0.100
0.015
0.155
0.335
0.530
0.705
0.850
1.005
1.140
1.285
1.385
1.455
1.470
1.430
1.345
1.200
0.990
0.725
0.440
0.195
0.005
-0.130
-0.215
-0.250
-0.270
-0.275
-0.300
-0.340
-0.380
-0.410
-0.420
-0.435
-0.430
-0.430
-0.410
-0.425
-0.425
-0.435
-0.445
-0.460
-0.470
-0.475
-0.470
-0.465
-0.470
-0.460
-0.450
-0.455
-0.445
-0.455
-0.465
-0.475
-0.485
-0.490
-0.485
-0.490
-0.495
-0.490
-0.480
-0.475
-0.485
-0.485
-0.515
-0.515
-0.520
-0.535
-0.530
-0.530
-0.545
-0.550
-0.560
-0.570
-0.575
-0.595
-0.615
-0.625
-0.640
-0.650
-0.665
-0.665
-0.675
-0.690
-0.690
-0.705
-0.710
-0.725
-0.730
-0.740
-0.740
-0.745
-0.730
-0.725
-0.710
-0.690
-0.660
-0.650
-0.625
-0.610
-0.595
-0.580
-0.555
-0.535
-0.505
-0.480
-0.455
-0.420
-0.400
-0.375
-0.350
-0.340
-0.325
-0.315
-0.325
-0.315
-0.320
-0.305
-0.295
-0.285
-0.280
-0.290
-0.295
-0.310
-0.295
-0.290
-0.290
-0.290
-0.290
-0.285
-0.280
-0.275
-0.265
-0.270
-0.270
-0.275
-0.270
-0.275
-0.280
-0.285
-0.280
-0.280
-0.285
-0.280
-0.275
-0.280
-0.270
-0.270
-0.280
-0.285
-0.290
-0.295
-0.290
-0.290
-0.265
-0.250
-0.245
-0.240
-0.215
-0.210
-0.195
-0.175
-0.150
-0.140
-0.120
-0.120
-0.090
-0.065
-0.035
-0.005
0.025
0.050
0.050
0.040
0.005
-0.015
-0.030
-0.020
-0.020
-0.005
0.005
-0.010
-0.035
-0.060
-0.105
-0.140
-0.170
-0.200
-0.215
-0.215
-0.245
-0.250
-0.250
-0.280
-0.290
-0.315
-0.320
-0.320
-0.320
-0.310
-0.315
-0.295
-0.290
-0.300
-0.295
-0.285
-0.280
-0.280
-0.285
-0.275
-0.250
-0.195
-0.110
0.035
0.210
0.420
0.605
0.780
0.940
1.100
1.235
1.340
1.415
1.415
1.375
1.285
1.145
0.945
0.680
0.405
0.165
-0.035
-0.175
-0.275
-0.305
-0.320
-0.320
-0.325
-0.345
-0.365
-0.400
-0.420
-0.440
-0.450
-0.455
-0.460
-0.460
-0.460
-0.465
-0.470
-0.465
-0.480
-0.465
-0.480
-0.470
-0.470
-0.495
-0.485
-0.485
-0.495
-0.500
-0.490
-0.485
-0.480
-0.470
-0.475
-0.485
-0.485
-0.495
-0.500
-0.520
-0.510
-0.530
-0.530
-0.515
-0.520
-0.525
-0.540
-0.545
-0.555
-0.575
-0.600
-0.600
-0.620
-0.620
-0.625
-0.635
-0.640
-0.640
-0.650
-0.670
-0.685
-0.690
-0.705
-0.720
-0.725
-0.715
-0.725
-0.720
-0.710
-0.695
-0.685
-0.680
-0.670
-0.665
-0.650
-0.635
-0.610
-0.585
-0.550
-0.515
-0.505
-0.470
-0.445
-0.415
-0.415
-0.385
-0.380
-0.355
-0.345
-0.335
-0.325
-0.310
-0.305
-0.285
-0.280
-0.280
-0.285
-0.290
-0.300
-0.295
-0.300
-0.280
-0.300
-0.295
-0.290
-0.275
-0.265
-0.270
-0.265
-0.280
-0.290
-0.290
-0.285
-0.290
-0.280
-0.280
-0.260
-0.265
-0.275
-0.260
-0.275
-0.270
-0.275
-0.290
-0.290
-0.290
-0.290
-0.290
-0.280
-0.275
-0.275
-0.270
-0.270
-0.265
-0.275
-0.270
-0.245
-0.225
-0.205
-0.180
-0.150
-0.120
-0.125
-0.115
-0.095
-0.080
-0.065
-0.045
-0.010
0.015
0.040
0.055
0.045
0.035
0.015
-0.005
-0.015
-0.010
-0.015
-0.005
-0.025
-0.030
-0.055
-0.085
-0.105
-0.135
-0.170
-0.190
-0.215
-0.230
-0.250
-0.270
-0.290
-0.290
-0.300
-0.305
-0.300
-0.300
-0.305
-0.300
-0.300
-0.305
-0.305
-0.315
-0.305
-0.295
-0.290
-0.280
-0.270
-0.220
-0.150
-0.035
0.115
0.295
0.485
0.660
0.835
0.995
1.150
1.290
1.405
1.470
1.470
1.435
1.335
1.180
0.975
0.690
0.410
0.150
-0.045
-0.185
-0.250
-0.290
-0.300
-0.310
-0.340
-0.370
-0.415
-0.450
-0.455
-0.470
-0.465
-0.465
-0.455
-0.445
-0.450
-0.455
-0.470
-0.480
-0.490
-0.500
-0.510
-0.500
-0.500
-0.485
-0.495
-0.485
-0.495
-0.500
-0.500
-0.505
-0.515
-0.510
-0.520
-0.520
-0.510
-0.515
-0.510
-0.515
-0.520
-0.520
-0.530
-0.540
-0.555
-0.565
-0.570
-0.585
-0.590
-0.590
-0.595
-0.610
-0.615
-0.640
-0.655
-0.680
-0.690
-0.710
-0.725
-0.720
-0.730
-0.725
-0.725
-0.720
-0.730
-0.730
-0.725
-0.730
-0.730
-0.730
-0.715
-0.700
-0.670
-0.640
-0.615
-0.600
-0.560
-0.535
-0.525
-0.505
-0.485
-0.470
-0.445
-0.425
-0.405
-0.380
-0.355
-0.320
-0.315
-0.285
-0.275
-0.270
-0.260
-0.260
-0.240
-0.230
-0.210
-0.195
-0.175
-0.155
-0.150
-0.145
-0.140
-0.130
-0.120
-0.115
-0.120
-0.125
-0.130
-0.145
-0.140
-0.145
-0.155
-0.150
-0.145
-0.145
-0.150
-0.170
-0.195
-0.215
-0.230
-0.235
-0.245
-0.240
-0.265
-0.260
-0.280
-0.295
-0.310
-0.315
-0.320
-0.315
-0.305
-0.290
-0.290
-0.265
-0.270
-0.280
-0.285
-0.265
-0.285
-0.275
-0.275
-0.250
-0.200
-0.135
-0.015
0.125
0.285
0.460
0.645
0.820
0.985
1.170
1.330
1.480
1.580
1.610
1.570
1.465
1.305
1.035
0.710
0.410
0.145
-0.060
-0.185
-0.240
-0.245
-0.260
-0.255
-0.275
-0.310
-0.350
-0.385
-0.405
-0.410
-0.425
-0.415
-0.420
-0.420
-0.420
-0.425
-0.420
-0.430
-0.425
-0.445
-0.450
-0.450
-0.450
-0.455
-0.435
-0.440
-0.440
-0.435
-0.430
-0.440
-0.440
-0.455
-0.470
-0.485
-0.485
-0.485
-0.485
-0.480
-0.475
-0.480
-0.490
-0.510
-0.520
-0.540
-0.555
-0.570
-0.590
-0.595
-0.590
-0.585
-0.595
-0.595
-0.600
-0.625
-0.635
-0.665
-0.670
-0.675
-0.695
-0.705
-0.715
-0.715
-0.715
-0.715
-0.710
-0.715
-0.705
-0.710
-0.695
-0.675
-0.660
-0.645
-0.630
-0.605
-0.570
-0.550
-0.520
-0.505
-0.485
-0.465
-0.440
-0.415
-0.410
-0.395
-0.375
-0.360
-0.325
-0.295
-0.280
-0.270
-0.275
-0.270
-0.275
-0.280
-0.290
-0.295
-0.310
-0.300
-0.300
-0.290
-0.280
-0.290
-0.275
-0.290
-0.290
-0.300
-0.300
-0.285
-0.290
-0.295
-0.295
-0.285
-0.280
-0.280
-0.280
-0.275
-0.290
-0.290
-0.285
-0.285
-0.300
-0.275
-0.280
-0.280
-0.260
-0.265
-0.255
-0.280
-0.305
-0.305
-0.305
-0.315
-0.305
-0.295
-0.295
-0.280
-0.265
-0.280
-0.275
-0.260
-0.265
-0.265
-0.275
-0.275
-0.280
-0.280
-0.260
-0.245
-0.240
-0.240
-0.245
-0.230
-0.235
-0.240
-0.255
-0.245
-0.240
-0.240
-0.215
-0.200
-0.165
-0.155
-0.145
-0.125
-0.115
-0.110
-0.100
-0.085
-0.070
-0.060
-0.030
-0.005
0.025
0.045
0.050
0.055
0.035
0.015
-0.020
-0.025
-0.035
-0.025
-0.015
0.000
0.010
-0.005
-0.025
-0.055
-0.085
-0.120
-0.150
-0.175
-0.185
-0.200
-0.190
-0.195
-0.200
-0.210
-0.235
-0.250
-0.260
-0.270
-0.265
-0.260
-0.245
-0.245
-0.220
-0.215
-0.210
-0.205
-0.200
-0.205
-0.165
-0.105
0.025
0.210
0.395
0.600
0.815
0.995
1.175
1.335
1.475
1.580
1.605
1.585
1.495
1.345
1.120
0.835
0.530
0.250
0.055
-0.090
-0.160
-0.200
-0.205
-0.220
-0.245
-0.270
-0.310
-0.355
-0.385
-0.400
-0.390
-0.405
-0.405
-0.405
-0.420
-0.425
-0.440
-0.435
-0.440
-0.440
-0.430
-0.425
-0.430
-0.435
-0.445
-0.450
-0.455
-0.465
-0.470
-0.470
-0.470
-0.460
-0.460
-0.450
-0.450
-0.450
-0.455
-0.455
-0.475
-0.475
-0.485
-0.505
-0.510
-0.515
-0.505
-0.505
-0.510
-0.505
-0.525
-0.540
-0.550
-0.565
-0.585
-0.605
-0.615
-0.625
-0.630
-0.630
-0.650
-0.655
-0.665
-0.690
-0.695
-0.710
-0.715
-0.720
-0.730
-0.730
-0.735
-0.725
-0.720
-0.715
-0.715
-0.705
-0.705
-0.700
-0.700
-0.675
-0.665
-0.640
-0.605
-0.580
-0.545
-0.505
-0.490
-0.480
-0.460
-0.425
-0.415
-0.410
-0.390
-0.370
-0.330
-0.300
-0.265
-0.260
-0.245
-0.245
-0.245
-0.245
-0.260
-0.260
-0.250
-0.240
-0.235
-0.230
-0.225
-0.235
-0.240
-0.245
-0.250
-0.245
-0.250
-0.260
-0.235
-0.225
-0.220
-0.205
-0.205
-0.195
-0.200
-0.205
-0.220
-0.235
-0.250
-0.240
-0.245
-0.240
-0.240
-0.230
-0.230
-0.220
-0.210
-0.220
-0.220
-0.225
-0.215
-0.210
-0.200
-0.175
-0.165
-0.140
-0.115
-0.100
-0.095
-0.080
-0.085
-0.085
-0.070
-0.060
-0.040
-0.015
0.020
0.050
0.065
0.090
0.080
0.055
0.025
0.015
0.010
0.030
0.040
0.055
0.065
0.040
0.020
-0.015
-0.050
-0.090
-0.125
-0.160
-0.195
-0.210
-0.205
-0.215
-0.225
-0.220
-0.230
-0.235
-0.250
-0.255
-0.260
-0.265
-0.275
-0.265
-0.250
-0.230
-0.230
-0.225
-0.220
-0.235
-0.235
-0.200
-0.145
-0.040
0.110
0.320
0.540
0.755
0.965
1.145
1.320
1.465
1.565
1.630
1.620
1.565
1.450
1.255
0.960
0.630
0.310
0.045
-0.125
-0.205
-0.260
-0.260
-0.265
-0.280
-0.315
-0.325
-0.365
-0.390
-0.415
-0.405
-0.415
-0.405
-0.405
-0.430
-0.435
-0.435
-0.450
-0.455
-0.445
-0.430
-0.425
-0.425
-0.415
-0.415
-0.435
-0.460
-0.465
-0.480
-0.475
-0.470
-0.470
-0.450
-0.435
-0.430
-0.425
-0.435
-0.450
-0.475
-0.475
-0.480
-0.510
-0.505
-0.510
-0.515
-0.520
-0.520
-0.525
-0.540
-0.550
-0.575
-0.590
-0.615
-0.620
-0.625
-0.630
-0.645
-0.650
-0.640
-0.650
-0.655
-0.670
-0.680
-0.700
-0.710
-0.715
-0.720
-0.720
-0.715
-0.710
-0.690
-0.675
-0.675
-0.655
-0.640
-0.615
-0.595
-0.585
-0.555
-0.545
-0.505
-0.485
-0.465
-0.445
-0.420
-0.410
-0.385
-0.375
-0.365
-0.345
-0.330
-0.315
-0.300
-0.275
-0.270
-0.260
-0.260
-0.250
-0.260
-0.260
-0.265
-0.270
-0.260
-0.250
-0.235
-0.230
-0.205
-0.190
-0.175
-0.150
-0.120
-0.070
-0.025
0.030
0.095
0.170
0.230
0.320
0.410
0.520
0.625
0.725
0.765
0.755
0.635
0.420
0.095
-0.325
-0.750
-1.150
-1.475
-1.715
-1.925
-2.070
-2.220
-2.325
-2.395
-2.440
-2.445
-2.425
-2.365
-2.295
-2.210
-2.100
-1.980
-1.855
-1.745
-1.645
-1.575
-1.510
-1.445
-1.360
-1.250
-1.120
-0.990
-0.885
-0.820
-0.780
-0.765
-0.725
-0.680
-0.585
-0.485
-0.350
-0.210
-0.075
0.020
0.110
0.140
0.165
0.155
0.150
0.140
0.140
0.150
0.170
0.175
0.195
0.220
0.245
0.265
0.275
0.290
0.285
0.290
0.290
0.285
0.315
0.345
0.370
0.390
0.415
0.440
0.460
0.475
0.470
0.485
0.495
0.520
0.540
0.555
0.595
0.630
0.655
0.675
0.695
0.710
0.715
0.735
0.755
0.765
0.780
0.790
0.790
0.810
0.810
0.805
0.795
0.780
0.755
0.735
0.700
0.670
0.645
0.615
0.585
0.555
0.525
0.495
0.460
0.415
0.385
0.350
0.300
0.280
0.245
0.205
0.190
0.160
0.130
0.105
0.075
0.055
0.010
-0.020
-0.030
-0.050
-0.065
-0.080
-0.095
-0.100
-0.105
-0.115
-0.125
-0.140
-0.155
-0.160
-0.165
-0.165
-0.165
-0.160
-0.170
-0.165
-0.170
-0.175
-0.170
-0.165
-0.165
-0.170
-0.185
-0.170
-0.180
-0.175
-0.180
-0.165
-0.170
-0.180
-0.180
-0.175
-0.180
-0.195
-0.200
-0.210
-0.210
-0.195
-0.195
-0.190
-0.180
-0.185
-0.185
-0.200
-0.200
-0.200
-0.205
-0.220
-0.210
-0.215
-0.210
-0.215
-0.215
-0.210
-0.210
-0.225
-0.230
-0.235
-0.235
-0.240
-0.235
-0.225
-0.225
-0.225
-0.205
-0.210
-0.220
-0.230
-0.240
-0.245
-0.240
-0.245
-0.240
-0.225
-0.220
-0.215
-0.210
-0.215
-0.215
-0.225
-0.225
-0.230
-0.240
-0.235
-0.235
-0.220
-0.230
-0.230
-0.220
-0.220
-0.220
-0.230
-0.225
-0.230
-0.230
-0.225
-0.230
-0.220
-0.210
-0.190
-0.170
-0.160
-0.155
-0.140
-0.130
-0.100
-0.100
-0.080
-0.070
-0.060
-0.040
-0.025
0.020
0.050
0.075
0.095
0.110
0.095
0.065
0.045
0.035
0.035
0.040
0.055
0.070
0.055
0.040
0.000
-0.030
-0.070
-0.110
-0.130
-0.150
-0.160
-0.170
-0.175
-0.190
-0.205
-0.215
-0.240
-0.250
-0.255
-0.255
-0.250
-0.245
-0.230
-0.220
-0.210
-0.210
-0.210
-0.200
-0.195
-0.175
-0.110
0.000
0.150
0.355
0.570
0.775
0.960
1.135
1.300
1.445
1.570
1.640
1.665
1.630
1.560
1.410
1.180
0.885
0.575
0.285
0.065
-0.080
-0.170
-0.200
-0.230
-0.245
-0.255
-0.290
-0.330
-0.360
-0.380
-0.395
-0.395
-0.395
-0.390
-0.400
-0.410
-0.420
-0.420
-0.435
-0.420
-0.425
-0.425
-0.430
-0.435
-0.425
-0.430
-0.440
-0.450
-0.450
-0.445
-0.450
-0.445
-0.445
-0.435
-0.435
-0.435
-0.440
-0.445
-0.450
-0.475
-0.475
-0.470
-0.480
-0.490
-0.505
-0.500
-0.495
-0.515
-0.520
-0.515
-0.550
-0.550
-0.575
-0.590
-0.585
-0.595
-0.615
-0.620
-0.635
-0.650
-0.670
-0.685
-0.695
-0.725
-0.740
-0.750
-0.755
-0.760
-0.770
-0.765
-0.770
-0.775
-0.775
-0.775
-0.770
-0.770
-0.760
-0.740
-0.730
-0.705
-0.675
-0.640
-0.605
-0.575
-0.530
-0.520
-0.485
-0.460
-0.435
-0.410
-0.370
-0.335
-0.300
-0.280
-0.255
-0.235
-0.220
-0.220
-0.220
-0.205
-0.200
-0.200
-0.195
-0.180
-0.170
-0.170
-0.155
-0.155
-0.165
-0.170
-0.165
-0.165
-0.170
-0.170
-0.175
-0.170
-0.155
-0.145
-0.145
-0.145
-0.140
-0.145
-0.145
-0.155
-0.165
-0.155
-0.160
-0.145
-0.140
-0.135
-0.135
-0.125
-0.125
-0.120
-0.110
-0.110
-0.100
-0.090
-0.065
-0.030
-0.015
0.010
0.015
0.030
0.045
0.040
0.055
0.070
0.090
0.140
0.170
0.190
0.180
0.155
0.140
0.125
0.125
0.120
0.130
0.130
0.120
0.100
0.065
0.025
0.010
-0.020
-0.040
-0.080
-0.085
-0.110
-0.130
-0.150
-0.170
-0.170
-0.180
-0.175
-0.165
-0.165
-0.145
-0.150
-0.150
-0.160
-0.150
-0.160
-0.155
-0.155
-0.145
-0.145
-0.095
-0.030
0.075
0.215
0.390
0.595
0.775
0.955
1.120
1.285
1.430
1.555
1.635
1.670
1.655
1.575
1.455
1.260
0.985
0.685
0.390
0.170
-0.005
-0.110
-0.145
-0.155
-0.135
-0.140
-0.155
-0.195
-0.230
-0.270
-0.290
-0.300
-0.295
-0.295
-0.285
-0.275
-0.280
-0.285
-0.280
-0.295
-0.295
-0.300
-0.310
-0.315
-0.315
-0.315
-0.315
-0.300
-0.295
-0.295
-0.295
-0.310
-0.310
-0.320
-0.320
-0.335
-0.340
-0.315
-0.320
-0.320
-0.315
-0.320
-0.330
-0.335
-0.350
-0.355
-0.375
-0.380
-0.385
-0.390
-0.395
-0.395
-0.405
-0.410
-0.420
-0.425
-0.455
-0.475
-0.485
-0.480
-0.495
-0.505
-0.500
-0.495
-0.490
-0.500
-0.500
-0.505
-0.510
-0.510
-0.500
-0.480
-0.460
-0.445
-0.420
-0.390
-0.370
-0.340
-0.310
-0.295
-0.265
-0.255
-0.250
-0.230
-0.210
-0.190
-0.175
-0.145
-0.145
-0.135
-0.120
-0.110
-0.110
-0.120
-0.120
-0.110
-0.110
-0.110
-0.110
-0.105
-0.085
-0.090
-0.080
-0.090
-0.090
-0.100
-0.105
-0.100
-0.110
-0.095
-0.090
-0.085
-0.080
-0.085
-0.075
-0.080
-0.075
-0.090
-0.100
-0.095
-0.110
-0.110
-0.105
-0.095
-0.085
-0.095
-0.095
-0.090
-0.105
-0.105
-0.095
-0.080
-0.080
-0.060
-0.030
-0.015
0.015
0.025
0.040
0.035
0.045
0.060
0.070
0.090
0.120
0.160
0.185
0.220
0.240
0.225
0.200
0.180
0.160
0.145
0.140
0.160
0.165
0.175
0.160
0.140
0.110
0.075
0.045
0.010
-0.025
-0.040
-0.055
-0.065
-0.070
-0.090
-0.095
-0.100
-0.105
-0.115
-0.120
-0.115
-0.115
-0.125
-0.120
-0.130
-0.110
-0.110
-0.095
-0.090
-0.075
-0.105
-0.070
-0.040
0.000
0.105
0.220
0.395
0.595
0.795
0.960
1.140
1.285
1.430
1.555
1.655
1.680
1.645
1.585
1.480
1.300
1.070
0.800
0.540
0.315
0.140
0.030
-0.045
-0.075
-0.100
-0.115
-0.140
-0.170
-0.205
-0.230
-0.250
-0.265
-0.250
-0.255
-0.255
-0.255
-0.265
-0.285
-0.295
-0.300
-0.290
-0.300
-0.290
-0.285
-0.285
-0.295
-0.295
-0.295
-0.305
-0.310
-0.315
-0.310
-0.310
-0.320
-0.320
-0.310
-0.300
-0.295
-0.305
-0.315
-0.325
-0.335
-0.345
-0.350
-0.355
-0.350
-0.350
-0.355
-0.360
-0.370
-0.385
-0.405
-0.420
-0.430
-0.440
-0.445
-0.455
-0.465
-0.465
-0.475
-0.485
-0.510
-0.515
-0.520
-0.530
-0.540
-0.545
-0.550
-0.545
-0.545
-0.535
-0.525
-0.515
-0.495
-0.480
-0.465
-0.455
-0.435
-0.415
-0.385
-0.365
-0.335
-0.295
-0.270
-0.250
-0.230
-0.215
-0.200
-0.180
-0.180
-0.155
-0.145
-0.135
-0.120
-0.105
-0.090
-0.095
-0.115
-0.105
-0.090
-0.095
-0.095
-0.100
-0.105
-0.100
-0.095
-0.080
-0.070
-0.070
-0.070
-0.080
-0.075
-0.060
-0.055
-0.040
-0.005
0.010
0.045
0.090
0.150
0.185
0.260
0.305
0.380
0.435
0.510
0.615
0.715
0.810
0.865
0.830
0.665
0.395
-0.025
-0.510
-0.995
-1.380
-1.665
-1.855
-1.980
-2.075
-2.150
-2.185
-2.210
-2.205
-2.185
-2.150
-2.080
-1.990
-1.885
-1.765
-1.645
-1.515
-1.445
-1.395
-1.345
-1.320
-1.275
-1.215
-1.135
-1.025
-0.915
-0.795
-0.695
-0.640
-0.605
-0.560
-0.545
-0.490
-0.425
-0.320
-0.200
-0.065
0.050
0.150
0.220
0.250
0.280
0.265
0.290
0.305
0.305
0.325
0.340
0.355
0.365
0.370
0.375
0.415
0.425
0.435
0.475
0.480
0.490
0.500
0.515
0.515
0.525
0.545
0.565
0.590
0.605
0.645
0.660
0.675
0.695
0.710
0.730
0.745
0.765
0.780
0.805
0.835
0.865
0.865
0.890
0.900
0.935
0.940
0.945
0.940
0.935
0.940
0.940
0.940
0.930
0.915
0.910
0.880
0.855
0.835
0.800
0.770
0.745
0.700
0.675
0.635
0.605
0.580
0.550
0.510
0.475
0.445
0.410
0.375
0.340
0.290
0.270
0.240
0.230
0.210
0.195
0.170
0.140
0.125
0.110
0.080
0.055
0.040
0.020
0.015
0.015
-0.005
0.010
0.005
-0.005
-0.010
-0.045
-0.045
-0.050
-0.065
-0.050
-0.045
-0.035
-0.040
-0.020
-0.025
-0.020
-0.050
-0.050
-0.060
-0.055
-0.050
-0.060
-0.050
-0.040
-0.030
-0.020
-0.020
-0.030
-0.040
-0.045
-0.060
-0.060
-0.060
-0.070
-0.070
-0.060
-0.065
-0.050
-0.060
-0.070
-0.075
-0.090
-0.080
-0.100
-0.095
-0.110
-0.105
-0.090
-0.085
-0.080
-0.080
-0.085
-0.095
-0.105
-0.105
-0.105
-0.115
-0.120
-0.110
-0.110
-0.090
-0.100
-0.110
-0.095
-0.095
-0.095
-0.110
-0.105
-0.115
-0.110
-0.120
-0.100
-0.100
-0.100
-0.095
-0.090
-0.100
-0.110
-0.120
-0.120
-0.110
-0.115
-0.110
-0.120
-0.100
-0.090
-0.095
-0.075
-0.060
-0.055
-0.045
-0.035
-0.015
0.000
0.020
0.035
0.055
0.055
0.065
0.090
0.110
0.130
0.160
0.180
0.200
0.190
0.180
0.155
0.140
0.125
0.115
0.115
0.140
0.140
0.120
0.095
0.070
0.040
0.015
-0.005
-0.020
-0.045
-0.050
-0.080
-0.100
-0.125
-0.145
-0.170
-0.185
-0.180
-0.165
-0.155
-0.150
-0.140
-0.140
-0.140
-0.135
-0.145
-0.145
-0.155
-0.140
-0.090
-0.025
0.085
0.250
0.455
0.665
0.860
1.045
1.220
1.380
1.515
1.605
1.645
1.615
1.550
1.410
1.205
0.930
0.610
0.335
0.115
-0.025
-0.120
-0.165
-0.180
-0.190
-0.200
-0.225
-0.260
-0.290
-0.320
-0.335
-0.345
-0.355
-0.350
-0.360
-0.375
-0.370
-0.375
-0.380
-0.360
-0.370
-0.375
-0.375
-0.370
-0.385
-0.385
-0.385
-0.390
-0.400
-0.390
-0.390
-0.380
-0.390
-0.390
-0.395
-0.395
-0.405
-0.410
-0.415
-0.415
-0.425
-0.410
-0.425
-0.415
-0.420
-0.435
-0.440
-0.470
-0.485
-0.500
-0.510
-0.525
-0.550
-0.555
-0.580
-0.585
-0.595
-0.615
-0.635
-0.655
-0.670
-0.685
-0.710
-0.730
-0.735
-0.720
-0.725
-0.730
-0.740
-0.735
-0.735
-0.735
-0.745
-0.745
-0.740
-0.720
-0.700
-0.670
-0.640
-0.600
-0.580
-0.550
-0.525
-0.505
-0.480
-0.455
-0.430
-0.410
-0.385
-0.350
-0.320
-0.285
-0.265
-0.240
-0.230
-0.220
-0.220
-0.210
-0.195
-0.195
-0.180
-0.185
-0.180
-0.160
-0.165
-0.155
-0.165
-0.170
-0.175
-0.180
-0.185
-0.185
-0.195
-0.175
-0.165
-0.150
-0.145
-0.150
-0.140
-0.145
-0.155
-0.160
-0.160
-0.170
-0.175
-0.170
-0.170
-0.150
-0.160
-0.155
-0.150
-0.155
-0.145
-0.145
-0.140
-0.125
-0.080
-0.060
-0.035
-0.010
0.005
0.010
0.030
0.030
0.020
0.025
0.035
0.050
0.075
0.105
0.130
0.145
0.125
0.110
0.065
0.055
0.040
0.045
0.045
0.055
0.060
0.060
0.040
0.015
-0.015
-0.035
-0.050
-0.085
-0.100
-0.115
-0.135
-0.140
-0.155
-0.165
-0.180
-0.180
-0.190
-0.180
-0.200
-0.200
-0.190
-0.185
-0.180
-0.185
-0.165
-0.165
-0.170
-0.165
-0.145
-0.100
-0.050
0.050
0.190
0.375
0.610
0.830
1.030
1.215
1.380
1.540
1.640
1.680
1.665
1.575
1.400
1.160
0.845
0.495
0.220
0.010
-0.095
-0.145
-0.155
-0.150
-0.145
-0.160
-0.195
-0.235
-0.280
-0.305
-0.315
-0.310
-0.300
-0.295
-0.295
-0.290
-0.305
-0.320
-0.330
-0.345
-0.350
-0.355
-0.350
-0.355
-0.335
-0.335
-0.330
-0.340
-0.340
-0.340
-0.345
-0.340
-0.340
-0.335
-0.335
-0.335
-0.335
-0.340
-0.340
-0.350
-0.355
-0.370
-0.370
-0.395
-0.405
-0.410
-0.430
-0.430
-0.425
-0.420
-0.430
-0.450
-0.470
-0.475
-0.500
-0.505
-0.520
-0.540
-0.540
-0.535
-0.545
-0.545
-0.540
-0.550
-0.565
-0.575
-0.585
-0.585
-0.580
-0.565
-0.555
-0.535
-0.525
-0.500
-0.485
-0.470
-0.450
-0.445
-0.420
-0.395
-0.390
-0.365
-0.340
-0.305
-0.280
-0.250
-0.230
-0.215
-0.205
-0.195
-0.200
-0.210
-0.195
-0.190
-0.185
-0.180
-0.175
-0.165
-0.170
-0.175
-0.175
-0.195
-0.200
-0.205
-0.205
-0.190
-0.190
-0.175
-0.160
-0.165
-0.165
-0.175
-0.180
-0.180
-0.180
-0.200
-0.200
-0.195
-0.195
-0.185
-0.180
-0.160
-0.160
-0.165
-0.155
-0.160
-0.170
-0.185
-0.185
-0.190
-0.185
-0.150
-0.135
-0.110
-0.085
-0.060
-0.040
-0.030
-0.015
-0.010
-0.005
0.010
0.010
0.030
0.055
0.085
0.110
0.125
0.120
0.085
0.055
0.040
0.020
0.020
0.030
0.035
0.045
0.020
0.005
-0.005
-0.025
-0.060
-0.090
-0.105
-0.120
-0.135
-0.140
-0.145
-0.165
-0.160
-0.185
-0.180
-0.180
-0.165
-0.170
-0.170
-0.175
-0.180
-0.170
-0.155
-0.155
-0.140
-0.125
-0.085
-0.010
0.095
0.260
0.445
0.650
0.850
1.035
1.205
1.365
1.530
1.650
1.730
1.770
1.735
1.645
1.480
1.215
0.895
0.545
0.265
0.040
-0.080
-0.135
-0.160
-0.130
-0.145
-0.160
-0.200
-0.250
-0.285
-0.305
-0.315
-0.315
-0.305
-0.310
-0.295
-0.305
-0.335
-0.335
-0.350
-0.355
-0.350
-0.345
-0.345
-0.330
-0.335
-0.330
-0.335
-0.345
-0.345
-0.345
-0.360
-0.360
-0.365
-0.365
-0.365
-0.365
-0.355
-0.360
-0.365
-0.365
-0.380
-0.375
-0.395
-0.405
-0.415
-0.415
-0.425
-0.420
-0.410
-0.415
-0.420
-0.440
-0.455
-0.465
-0.485
-0.490
-0.510
-0.520
-0.535
-0.535
-0.550
-0.580
-0.590
-0.590
-0.600
-0.610
-0.615
-0.620
-0.635
-0.615
-0.610
-0.585
-0.570
-0.560
-0.540
-0.520
-0.520
-0.515
-0.475
-0.470
-0.435
-0.420
-0.375
-0.345
-0.310
-0.295
-0.285
-0.250
-0.240
-0.215
-0.215
-0.215
-0.190
-0.180
-0.160
-0.155
-0.145
-0.140
-0.135
-0.130
-0.145
-0.150
-0.150
-0.165
-0.155
-0.155
-0.145
-0.140
-0.130
-0.125
-0.130
-0.130
-0.135
-0.135
-0.135
-0.145
-0.130
-0.125
-0.125
-0.130
-0.125
-0.115
-0.115
-0.125
-0.140
-0.150
-0.150
-0.165
-0.150
-0.150
-0.125
-0.115
-0.090
-0.080
-0.070
-0.070
-0.060
-0.040
-0.025
-0.015
0.015
0.020
0.045
0.055
0.065
0.075
0.085
0.100
0.115
0.140
0.160
0.155
0.135
0.105
0.085
0.085
0.090
0.105
0.100
0.090
0.070
0.050
0.010
-0.010
-0.025
-0.040
-0.055
-0.065
-0.070
-0.090
-0.105
-0.110
-0.140
-0.155
-0.160
-0.160
-0.155
-0.140
-0.140
-0.130
-0.115
-0.110
-0.105
-0.105
-0.115
-0.120
-0.105
-0.080
-0.005
0.095
0.255
0.445
0.660
0.870
1.045
1.225
1.385
1.545
1.670
1.740
1.760
1.715
1.630
1.450
1.200
0.845
0.520
0.255
0.055
-0.080
-0.120
-0.140
-0.140
-0.145
-0.150
-0.170
-0.210
-0.235
-0.250
-0.255
-0.285
-0.265
-0.270
-0.270
-0.280
-0.290
-0.270
-0.285
-0.280
-0.275
-0.285
-0.280
-0.290
-0.285
-0.295
-0.295
-0.305
-0.290
-0.310
-0.290
-0.285
-0.290
-0.285
-0.285
-0.295
-0.290
-0.310
-0.315
-0.320
-0.325
-0.325
-0.325
-0.315
-0.320
-0.325
-0.340
-0.345
-0.360
-0.390
-0.400
-0.415
-0.415
-0.420
-0.425
-0.440
-0.450
-0.475
-0.480
-0.505
-0.515
-0.520
-0.515
-0.515
-0.520
-0.515
-0.505
-0.505
-0.505
-0.495
-0.490
-0.475
-0.470
-0.455
-0.445
-0.425
-0.395
-0.360
-0.355
-0.315
-0.295
-0.275
-0.245
-0.240
-0.220
-0.205
-0.180
-0.170
-0.145
-0.135
-0.110
-0.110
-0.090
-0.080
-0.085
-0.095
-0.095
-0.090
-0.090
-0.090
-0.090
-0.085
-0.085
-0.065
-0.080
-0.090
-0.070
-0.085
-0.095
-0.110
-0.095
-0.110
-0.100
-0.085
-0.075
-0.060
-0.070
-0.060
-0.060
-0.070
-0.075
-0.090
-0.085
-0.085
-0.075
-0.070
-0.055
-0.055
-0.060
-0.065
-0.070
-0.070
-0.065
-0.050
-0.025
0.025
0.085
0.170
0.250
0.335
0.410
0.485
0.560
0.675
0.795
0.915
1.050
1.210
1.375
1.550
1.705
1.800
1.870
1.910
1.930
1.975
2.000
2.060
2.080
2.095
2.095
2.090
2.075
2.040
1.985
1.925
1.830
1.690
1.545
1.405
1.265
1.165
1.030
0.900
0.760
0.605
0.440
0.290
0.145
0.010
-0.110
-0.235
-0.335
-0.420
-0.475
-0.490
-0.505
-0.515
-0.530
-0.550
-0.580
-0.605
-0.635
-0.670
-0.690
-0.720
-0.735
-0.750
-0.740
-0.745
-0.765
-0.790
-0.810
-0.830
-0.840
-0.880
-0.910
-0.925
-0.930
-0.930
-0.940
-0.950
-0.950
-0.960
-0.980
-1.015
-1.040
-1.055
-1.075
-1.080
-1.105
-1.120
-1.110
-1.125
-1.135
-1.145
-1.155
-1.155
-1.165
-1.180
-1.175
-1.170
-1.160
-1.150
-1.135
-1.115
-1.090
-1.080
-1.050
-1.040
-1.015
-0.975
-0.955
-0.915
-0.890
-0.855
-0.805
-0.755
-0.715
-0.675
-0.635
-0.605
-0.565
-0.560
-0.515
-0.480
-0.435
-0.400
-0.370
-0.335
-0.320
-0.295
-0.285
-0.275
-0.265
-0.255
-0.230
-0.225
-0.215
-0.190
-0.180
-0.165
-0.155
-0.160
-0.145
-0.150
-0.160
-0.160
-0.160
-0.155
-0.165
-0.155
-0.145
-0.135
-0.130
-0.150
-0.155
-0.145
-0.165
-0.160
-0.165
-0.170
-0.160
-0.155
-0.145
-0.130
-0.130
-0.130
-0.125
-0.140
-0.140
-0.150
-0.150
-0.145
-0.140
-0.135
-0.130
-0.120
-0.120
-0.120
-0.125
-0.130
-0.135
-0.140
-0.140
-0.135
-0.135
-0.125
-0.120
-0.115
-0.105
-0.105
-0.110
-0.115
-0.110
-0.120
-0.125
-0.120
-0.105
-0.100
-0.095
-0.085
-0.075
-0.065
-0.065
-0.065
-0.040
-0.030
-0.010
0.010
0.035
0.060
0.075
0.095
0.100
0.115
0.120
0.140
0.150
0.170
0.185
0.195
0.200
0.195
0.175
0.170
0.150
0.145
0.160
0.150
0.145
0.125
0.115
0.095
0.075
0.065
0.055
0.055
0.040
0.050
0.055
0.055
0.060
0.070
0.095
0.115
0.170
0.235
0.310
0.380
0.470
0.555
0.645
0.760
0.830
0.865
0.815
0.675
0.430
0.085
-0.330
-0.740
-1.065
-1.310
-1.450
-1.545
-1.640
-1.765
-1.910
-2.035
-2.110
-2.125
-2.100
-2.035
-1.940
-1.820
-1.655
-1.460
-1.230
-1.025
-0.820
-0.620
-0.460
-0.320
-0.245
-0.185
-0.165
-0.145
-0.135
-0.135
-0.120
-0.110
-0.085
-0.070
-0.040
-0.030
-0.010
0.005
0.020
0.025
0.035
0.035
0.025
0.030
0.040
0.045
0.055
0.075
0.080
0.090
0.100
0.105
0.110
0.130
0.125
0.125
0.125
0.130
0.150
0.155
0.175
0.195
0.205
0.210
0.215
0.220
0.230
0.220
0.235
0.250
0.260
0.285
0.305
0.330
0.350
0.375
0.385
0.405
0.420
0.430
0.455
0.470
0.505
0.520
0.540
0.560
0.575
0.580
0.590
0.585
0.575
0.575
0.580
0.570
0.570
0.555
0.530
0.530
0.505
0.495
0.460
0.435
0.405
0.375
0.340
0.310
0.280
0.260
0.235
0.220
0.210
0.190
0.175
0.160
0.155
0.160
0.170
0.180
0.205
0.240
0.270
0.330
0.395
0.455
0.520
0.555
0.570
0.545
0.455
0.305
0.090
-0.185
-0.525
-0.860
-1.190
-1.490
-1.735
-1.960
-2.160
-2.335
-2.465
-2.540
-2.540
-2.475
-2.375
-2.270
-2.155
-2.045
-1.930
-1.805
-1.675
-1.550
-1.440
-1.350
-1.265
-1.180
-1.115
-1.050
-0.995
-0.915
-0.830
-0.745
-0.655
-0.500
-0.330
-0.160
0.000
0.120
0.210
0.250
0.280
0.270
0.285
0.285
0.295
0.290
0.285
0.290
0.300
0.320
0.345
0.365
0.390
0.395
0.405
0.395
0.400
0.400
0.405
0.415
0.430
0.450
0.470
0.480
0.500
0.500
0.505
0.510
0.520
0.525
0.535
0.565
0.565
0.595
0.605
0.625
0.645
0.660
0.675
0.680
0.660
0.685
0.695
0.735
0.740
0.750
0.755
0.785
0.790
0.780
0.780
0.775
0.765
0.755
0.740
0.725
0.705
0.695
0.675
0.655
0.635
0.610
0.580
0.540
0.510
0.470
0.425
0.400
0.370
0.340
0.320
0.280
0.240
0.215
0.185
0.165
0.145
0.120
0.095
0.080
0.055
0.040
0.035
0.030
0.025
0.005
0.005
-0.020
-0.030
-0.035
-0.050
-0.045
-0.040
-0.040
-0.040
-0.035
-0.035
-0.030
-0.035
-0.040
-0.045
-0.055
-0.060
-0.065
-0.060
-0.040
-0.045
-0.040
-0.035
-0.045
-0.055
-0.055
-0.070
-0.080
-0.085
-0.100
-0.090
-0.090
-0.085
-0.080
-0.090
-0.090
-0.105
-0.115
-0.125
-0.125
-0.135
-0.140
-0.130
-0.130
-0.125
-0.135
-0.135
-0.145
-0.140
-0.145
-0.155
-0.150
-0.155
-0.155
-0.150
-0.150
-0.155
-0.155
-0.150
-0.165
-0.155
-0.165
-0.185
-0.195
-0.185
-0.185
-0.200
-0.180
-0.180
-0.175
-0.180
-0.175
-0.175
-0.185
-0.190
-0.200
-0.195
-0.200
-0.195
-0.205
-0.195
-0.185
-0.200
-0.205
-0.190
-0.205
-0.210
-0.215
-0.220
-0.215
-0.215
-0.195
-0.200
-0.200
-0.195
-0.190
-0.195
-0.210
-0.205
-0.205
-0.215
-0.215
-0.215
-0.215
-0.210
-0.195
-0.195
-0.200
-0.205
-0.210
-0.215
-0.210
-0.210
-0.195
-0.180
-0.170
-0.150
-0.125
-0.105
-0.095
-0.080
-0.060
-0.070
-0.060
-0.050
-0.040
-0.005
0.035
0.070
0.100
0.120
0.105
0.095
0.065
0.045
0.025
0.030
0.030
0.040
0.050
0.030
0.025
-0.005
-0.035
-0.065
-0.105
-0.125
-0.155
-0.165
-0.195
-0.205
-0.210
-0.230
-0.235
-0.245
-0.255
-0.260
-0.260
-0.255
-0.260
-0.270
-0.260
-0.260
-0.245
-0.235
-0.235
-0.215
-0.175
-0.100
0.000
0.160
0.370
0.590
0.790
1.005
1.200
1.390
1.555
1.650
1.670
1.660
1.565
1.375
1.150
0.825
0.500
0.210
0.000
-0.145
-0.215
-0.250
-0.260
-0.270
-0.300
-0.335
-0.365
-0.400
-0.420
-0.435
-0.425
-0.415
-0.415
-0.420
-0.425
-0.445
-0.460
-0.480
-0.470
-0.485
-0.475
-0.475
-0.475
-0.460
-0.460
-0.460
-0.465
-0.475
-0.480
-0.505
-0.495
-0.505
-0.505
-0.510
-0.520
-0.515
-0.520
-0.520
-0.530
-0.525
-0.545
-0.555
-0.560
-0.555
-0.575
-0.575
-0.580
-0.590
-0.605
-0.610
-0.640
-0.645
-0.665
-0.680
-0.700
-0.725
-0.755
-0.755
-0.775
-0.785
-0.795
-0.800
-0.820
-0.825
-0.835
-0.855
-0.865
-0.865
-0.855
-0.850
-0.840
-0.830
-0.825
-0.800
-0.775
-0.765
-0.740
-0.720
-0.710
-0.650
-0.620
-0.595
-0.565
-0.530
-0.495
-0.470
-0.445
-0.415
-0.395
-0.380
-0.370
-0.350
-0.335
-0.305
-0.305
-0.290
-0.280
-0.280
-0.270
-0.275
-0.280
-0.280
-0.285
-0.300
-0.295
-0.280
-0.275
-0.245
-0.240
-0.220
-0.225
-0.230
-0.240
-0.245
-0.260
-0.280
-0.270
-0.275
-0.255
-0.235
-0.245
-0.250
-0.240
-0.240
-0.245
-0.235
-0.230
-0.225
-0.190
-0.180
-0.145
-0.115
-0.085
-0.060
-0.035
-0.020
0.000
0.015
0.040
0.080
0.115
0.160
0.240
0.325
0.430
0.565
0.665
0.770
0.840
0.910
0.965
1.045
1.155
1.250
1.350
1.445
1.515
1.550
1.570
1.550
1.455
1.275
0.985
0.580
0.080
-0.425
-0.870
-1.245
-1.485
-1.615
-1.650
-1.620
-1.530
-1.425
-1.305
-1.210
-1.115
-1.035
-0.940
-0.850
-0.745
-0.640
-0.545
-0.460
-0.410
-0.395
-0.395
-0.400
-0.410
-0.410
-0.415
-0.410
-0.395
-0.395
-0.395
-0.400
-0.390
-0.390
-0.405
-0.400
-0.395
-0.410
-0.395
-0.385
-0.380
-0.375
-0.380
-0.385
-0.385
-0.395
-0.395
-0.395
-0.390
-0.405
-0.395
-0.395
-0.385
-0.380
-0.395
-0.385
-0.390
-0.390
-0.390
-0.390
-0.375
-0.365
-0.345
-0.340
-0.325
-0.300
-0.305
-0.300
-0.300
-0.295
-0.285
-0.270
-0.250
-0.245
-0.210
-0.190
-0.160
-0.130
-0.120
-0.110
-0.110
-0.105
-0.100
-0.105
-0.115
-0.110
-0.105
-0.095
-0.085
-0.080
-0.100
-0.095
-0.110
-0.125
-0.150
-0.160
-0.170
-0.185
-0.205
-0.210
-0.220
-0.225
-0.240
-0.245
-0.260
-0.275
-0.275
-0.280
-0.270
-0.270
-0.265
-0.260
-0.270
-0.270
-0.260
-0.260
-0.250
-0.265
-0.275
-0.280
-0.285
-0.270
-0.260
-0.245
-0.245
-0.230
-0.225
-0.230
-0.235
-0.235
-0.260
-0.265
-0.255
-0.270
-0.250
-0.235
-0.215
-0.210
-0.210
-0.200
-0.220
-0.240
-0.255
-0.255
-0.260
-0.250
-0.250
-0.230
-0.215
-0.200
-0.195
-0.205
-0.210
-0.225
-0.245
-0.240
-0.240
-0.245
-0.250
-0.245
-0.235
-0.215
-0.210
-0.225
-0.220
-0.210
-0.230
-0.225
-0.235
-0.220
-0.210
-0.185
-0.160
-0.140
-0.125
-0.105
-0.090
-0.085
-0.065
-0.075
-0.065
-0.055
-0.025
-0.005
0.030
0.055
0.075
0.065
0.060
0.020
0.005
-0.010
-0.010
-0.010
0.000
0.005
0.015
-0.015
-0.035
-0.065
-0.095
-0.120
-0.150
-0.160
-0.180
-0.185
-0.200
-0.210
-0.210
-0.230
-0.245
-0.250
-0.260
-0.260
-0.255
-0.260
-0.255
-0.260
-0.245
-0.235
-0.235
-0.225
-0.215
-0.195
-0.140
-0.055
0.085
0.290
0.520
0.760
0.985
1.185
1.375
1.540
1.680
1.760
1.750
1.700
1.560
1.330
0.995
0.635
0.300
0.045
-0.105
-0.180
-0.200
-0.195
-0.200
-0.225
-0.260
-0.310
-0.345
-0.375
-0.395
-0.385
-0.370
-0.365
-0.365
-0.365
-0.380
-0.400
-0.405
-0.405
-0.400
-0.400
-0.405
-0.395
-0.395
-0.385
-0.385
-0.385
-0.400
-0.405
-0.410
-0.420
-0.415
-0.425
-0.405
-0.420
-0.420
-0.415
-0.445
-0.435
-0.440
-0.455
-0.450
-0.465
-0.475
-0.475
-0.470
-0.470
-0.480
-0.485
-0.485
-0.510
-0.520
-0.550
-0.560
-0.585
-0.580
-0.590
-0.590
-0.605
-0.615
-0.625
-0.650
-0.655
-0.670
-0.695
-0.690
-0.705
-0.725
-0.705
-0.720
-0.710
-0.695
-0.690
-0.675
-0.655
-0.650
-0.640
-0.615
-0.590
-0.565
-0.530
-0.500
-0.480
-0.450
-0.420
-0.405
-0.370
-0.355
-0.335
-0.315
-0.295
-0.265
-0.255
-0.240
-0.225
-0.215
-0.210
-0.200
-0.200
-0.205
-0.200
-0.215
-0.210
-0.205
-0.205
-0.210
-0.210
-0.185
-0.185
-0.195
-0.190
-0.205
-0.200
-0.190
-0.190
-0.190
-0.185
-0.180
-0.180
-0.180
-0.160
-0.160
-0.160
-0.170
-0.180
-0.180
-0.190
-0.180
-0.180
-0.165
-0.165
-0.150
-0.125
-0.135
-0.125
-0.115
-0.095
-0.085
-0.070
-0.050
-0.030
-0.015
-0.005
0.005
0.020
0.025
0.025
0.050
0.065
0.090
0.095
0.090
0.070
0.065
0.055
0.035
0.045
0.055
0.050
0.055
0.040
0.015
-0.010
-0.030
-0.055
-0.075
-0.085
-0.090
-0.105
-0.115
-0.130
-0.145
-0.160
-0.170
-0.180
-0.190
-0.175
-0.165
-0.155
-0.145
-0.140
-0.145
-0.140
-0.135
-0.140
-0.145
-0.150
-0.125
-0.085
0.005
0.120
0.290
0.480
0.675
0.880
1.045
1.215
1.370
1.500
1.640
1.715
1.750
1.750
1.695
1.590
1.400
1.120
0.790
0.460
0.205
0.025
-0.090
-0.130
-0.140
-0.130
-0.125
-0.140
-0.175
-0.205
-0.240
-0.270
-0.280
-0.295
-0.290
-0.280
-0.270
-0.260
-0.255
-0.260
-0.265
-0.270
-0.280
-0.280
-0.290
-0.305
-0.295
-0.290
-0.300
-0.290
-0.295
-0.280
-0.280
-0.280
-0.290
-0.305
-0.305
-0.315
-0.305
-0.300
-0.315
-0.310
-0.310
-0.305
-0.310
-0.305
-0.320
-0.330
-0.345
-0.360
-0.350
-0.360
-0.360
-0.370
-0.370
-0.380
-0.395
-0.400
-0.415
-0.435
-0.445
-0.455
-0.470
-0.470
-0.475
-0.475
-0.455
-0.465
-0.470
-0.470
-0.480
-0.480
-0.480
-0.480
-0.460
-0.445
-0.425
-0.400
-0.390
-0.365
-0.350
-0.330
-0.315
-0.295
-0.270
-0.260
-0.240
-0.210
-0.190
-0.175
-0.155
-0.135
-0.130
-0.110
-0.120
-0.100
-0.095
-0.095
-0.090
-0.080
-0.070
-0.065
-0.055
-0.055
-0.050
-0.045
-0.050
-0.035
-0.035
-0.010
0.010
0.025
0.065
0.105
0.155
0.190
0.250
0.300
0.355
0.425
0.490
0.560
0.665
0.765
0.875
0.945
0.930
0.820
0.565
0.190
-0.270
-0.755
-1.145
-1.455
-1.660
-1.815
-1.920
-1.990
-2.040
-2.075
-2.095
-2.095
-2.080
-2.025
-1.965
-1.885
-1.800
-1.695
-1.565
-1.445
-1.330
-1.240
-1.175
-1.125
-1.055
-0.980
-0.890
-0.800
-0.735
-0.695
-0.630
-0.585
-0.520
-0.445
-0.345
-0.235
-0.115
-0.015
0.110
0.215
0.300
0.345
0.380
0.390
0.400
0.405
0.385
0.395
0.415
0.425
0.440
0.465
0.480
0.495
0.510
0.540
0.560
0.570
0.570
0.595
0.610
0.615
0.630
0.645
0.650
0.675
0.695
0.710
0.740
0.765
0.775
0.785
0.805
0.825
0.840
0.865
0.885
0.900
0.925
0.945
0.960
1.000
1.010
1.025
1.025
1.030
1.015
1.015
1.025
1.025
1.035
1.015
1.015
1.005
0.995
0.960
0.930
0.915
0.885
0.850
0.820
0.780
0.775
0.750
0.710
0.680
0.635
0.610
0.570
0.535
0.480
0.450
0.440
0.410
0.375
0.360
0.340
0.325
0.310
0.285
0.250
0.230
0.200
0.190
0.175
0.155
0.150
0.150
0.140
0.130
0.120
0.115
0.100
0.095
0.090
0.080
0.075
0.075
0.085
0.085
0.100
0.105
0.090
0.090
0.095
0.095
0.065
0.060
0.075
0.075
0.085
0.075
0.090
0.085
0.095
0.095
0.080
0.065
0.060
0.040
0.055
0.065
0.055
0.075
0.065
0.065
0.060
0.075
0.040
0.030
0.030
0.020
0.030
0.035
0.035
0.040
0.040
0.045
0.040
0.030
0.030
0.035
0.015
0.005
0.020
0.010
-0.005
0.030
0.035
0.030
0.025
0.010
0.000
-0.005
-0.005
-0.015
-0.015
0.000
-0.005
0.010
0.005
0.010
0.000
0.000
-0.010
0.000
-0.005
0.000
0.000
-0.010
-0.005
0.015
0.020
0.020
0.020
0.025
0.010
0.010
0.015
0.030
0.035
0.045
0.055
0.085
0.110
0.130
0.150
0.170
0.175
0.195
0.195
0.205
0.215
0.240
0.270
0.310
0.345
0.345
0.345
0.325
0.295
0.280
0.255
0.250
0.260
0.270
0.265
0.255
0.245
0.215
0.165
0.145
0.125
0.105
0.090
0.060
0.050
0.045
0.015
0.015
0.015
0.005
-0.005
0.005
0.000
-0.005
-0.005
0.005
0.005
0.015
0.020
0.045
0.050
0.060
0.085
0.140
0.245
0.400
0.570
0.775
0.970
1.170
1.355
1.525
1.680
1.810
1.875
1.875
1.810
1.690
1.490
1.210
0.905
0.615
0.385
0.220
0.110
0.060
0.025
0.010
-0.025
-0.050
-0.085
-0.115
-0.120
-0.140
-0.145
-0.145
-0.145
-0.135
-0.135
-0.140
-0.150
-0.155
-0.165
-0.165
-0.175
-0.180
-0.165
-0.155
-0.160
-0.165
-0.165
-0.165
-0.180
-0.180
-0.190
-0.200
-0.205
-0.210
-0.200
-0.190
-0.185
-0.185
-0.205
-0.220
-0.220
-0.240
-0.260
-0.270
-0.280
-0.275
-0.275
-0.275
-0.285
-0.290
-0.320
-0.320
-0.355
-0.380
-0.405
-0.415
-0.425
-0.460
-0.465
-0.465
-0.460
-0.475
-0.490
-0.500
-0.525
-0.545
-0.560
-0.565
-0.565
-0.585
-0.580
-0.565
-0.550
-0.545
-0.525
-0.515
-0.505
-0.495
-0.480
-0.465
-0.445
-0.405
-0.380
-0.345
-0.310
-0.275
-0.270
-0.230
-0.210
-0.205
-0.190
-0.170
-0.135
-0.105
-0.090
-0.060
-0.050
-0.025
-0.025
-0.015
-0.020
-0.020
-0.005
-0.015
-0.005
-0.005
0.005
0.010
0.005
0.010
0.005
0.000
0.010
0.005
-0.005
-0.005
-0.005
-0.015
0.000
-0.010
0.000
0.025
0.015
0.015
0.020
0.010
0.000
0.000
0.000
0.005
0.015
0.030
0.045
0.070
0.085
0.110
0.135
0.160
0.185
0.200
0.220
0.240
0.255
0.270
0.285
0.310
0.330
0.375
0.410
0.465
0.520
0.570
0.615
0.685
0.765
0.840
0.920
1.005
1.085
1.160
1.250
1.320
1.370
1.435
1.490
1.560
1.600
1.630
1.605
1.505
1.330
1.040
0.635
0.175
-0.300
-0.730
-1.080
-1.295
-1.425
-1.465
-1.410
-1.310
-1.200
-1.090
-1.000
-0.940
-0.875
-0.805
-0.720
-0.615
-0.485
-0.375
-0.275
-0.200
-0.170
-0.155
-0.160
-0.165
-0.170
-0.180
-0.170
-0.160
-0.145
-0.140
-0.125
-0.125
-0.140
-0.140
-0.140
-0.150
-0.155
-0.160
-0.140
-0.145
-0.130
-0.125
-0.130
-0.110
-0.130
-0.130
-0.125
-0.135
-0.145
-0.140
-0.145
-0.140
-0.130
-0.130
-0.115
-0.100
-0.115
-0.105
-0.105
-0.105
-0.110
-0.105
-0.075
-0.080
-0.055
-0.040
-0.020
-0.010
-0.005
0.010
0.040
0.045
0.055
0.060
0.100
0.110
0.120
0.130
0.150
0.175
0.175
0.180
0.185
0.170
0.155
0.155
0.155
0.145
0.145
0.145
0.140
0.120
0.105
0.080
0.070
0.040
0.025
0.020
-0.005
-0.010
-0.010
-0.010
-0.025
-0.015
-0.025
-0.025
-0.040
-0.045
-0.050
-0.050
-0.055
-0.055
-0.060
-0.055
-0.055
-0.055
-0.050
-0.050
-0.060
-0.060
-0.075
-0.060
-0.055
-0.045
-0.030
-0.035
-0.025
-0.025
-0.030
-0.040
-0.040
-0.045
-0.060
-0.065
-0.065
-0.060
-0.065
-0.055
-0.045
-0.050
-0.035
-0.025
-0.040
-0.050
-0.055
-0.065
-0.070
-0.065
-0.060
-0.060
-0.045
-0.040
-0.040
-0.040
-0.045
-0.040
-0.050
-0.050
-0.050
-0.040
-0.030
-0.025
-0.010
0.000
0.020
0.035
0.050
0.070
0.070
0.075
0.095
0.110
0.125
0.135
0.135
0.155
0.170
0.195
0.205
0.220
0.220
0.210
0.185
0.155
0.140
0.130
0.155
0.160
0.160
0.145
0.145
0.110
0.085
0.060
0.040
0.025
0.025
0.020
0.005
-0.015
-0.025
-0.050
-0.060
-0.095
-0.115
-0.135
-0.125
-0.120
-0.100
-0.100
-0.090
-0.075
-0.075
-0.060
-0.060
-0.060
-0.065
-0.045
-0.050
-0.010
0.050
0.165
0.350
0.560
0.760
0.975
1.145
1.315
1.465
1.600
1.735
1.805
1.830
1.795
1.710
1.540
1.285
0.970
0.625
0.325
0.115
0.005
-0.055
-0.090
-0.060
-0.070
-0.080
-0.100
-0.155
-0.195
-0.225
-0.230
-0.245
-0.255
-0.245
-0.245
-0.240
-0.235
-0.240
-0.235
-0.250
-0.250
-0.265
-0.275
-0.290
-0.295
-0.285
-0.300
-0.305
-0.285
-0.280
-0.275
-0.270
-0.290
-0.290
-0.300
-0.310
-0.320
-0.305
-0.310
-0.310
-0.315
-0.315
-0.310
-0.325
-0.340
-0.340
-0.370
-0.385
-0.395
-0.415
-0.430
-0.440
-0.450
-0.455
-0.465
-0.490
-0.495
-0.525
-0.535
-0.565
-0.585
-0.605
-0.610
-0.620
-0.625
-0.625
-0.615
-0.615
-0.610
-0.605
-0.610
-0.610
-0.595
-0.575
-0.550
-0.530
-0.510
-0.480
-0.440
-0.415
-0.380
-0.335
-0.320
-0.295
-0.280
-0.260
-0.245
-0.225
-0.215
-0.185
-0.175
-0.150
-0.150
-0.145
-0.145
-0.150
-0.145
-0.150
-0.155
-0.145
-0.145
-0.125
-0.115
-0.110
-0.110
-0.115
-0.120
-0.120
-0.130
-0.120
-0.120
-0.115
-0.110
-0.120
-0.105
-0.120
-0.110
-0.110
-0.105
-0.115
-0.105
-0.100
-0.110
-0.105
-0.100
-0.100
-0.105
-0.105
-0.110
-0.100
-0.100
-0.095
-0.080
-0.055
-0.045
-0.010
0.015
0.035
0.050
0.060
0.060
0.070
0.065
0.060
0.065
0.075
0.085
0.115
0.150
0.150
0.145
0.125
0.100
0.075
0.065
0.060
0.065
0.065
0.070
0.070
0.055
0.035
0.010
-0.010
-0.020
-0.040
-0.050
-0.065
-0.085
-0.095
-0.125
-0.125
-0.125
-0.115
-0.120
-0.115
-0.115
-0.105
-0.115
-0.110
-0.115
-0.105
-0.100
-0.100
-0.090
-0.040
0.035
0.150
0.330
0.530
0.750
0.965
1.165
1.355
1.530
1.675
1.765
1.815
1.785
1.695
1.535
1.280
0.935
0.590
0.275
0.070
-0.050
-0.105
-0.110
-0.105
-0.090
-0.105
-0.125
-0.165
-0.195
-0.230
-0.260
-0.265
-0.280
-0.270
-0.245
-0.250
-0.260
-0.270
-0.275
-0.275
-0.280
-0.295
-0.305
-0.285
-0.290
-0.270
-0.280
-0.265
-0.250
-0.270
-0.265
-0.285
-0.290
-0.310
-0.320
-0.315
-0.320
-0.325
-0.330
-0.320
-0.320
-0.330
-0.335
-0.330
-0.340
-0.355
-0.365
-0.370
-0.385
-0.395
-0.385
-0.390
-0.405
-0.415
-0.430
-0.435
-0.455
-0.460
-0.480
-0.485
-0.500
-0.505
-0.500
-0.510
-0.515
-0.525
-0.525
-0.540
-0.540
-0.555
-0.560
-0.555
-0.560
-0.555
-0.535
-0.495
-0.490
-0.485
-0.465
-0.435
-0.420
-0.405
-0.390
-0.365
-0.345
-0.315
-0.275
-0.270
-0.245
-0.230
-0.205
-0.210
-0.200
-0.190
-0.190
-0.185
-0.170
-0.150
-0.155
-0.150
-0.145
-0.145
-0.150
-0.155
-0.165
-0.160
-0.155
-0.145
-0.135
-0.110
-0.095
-0.075
-0.050
-0.015
0.005
0.045
0.085
0.150
0.205
0.275
0.335
0.415
0.525
0.635
0.770
0.865
0.925
0.905
0.790
0.530
0.155
-0.335
-0.815
-1.215
-1.525
-1.730
-1.885
-2.005
-2.090
-2.155
-2.180
-2.180
-2.155
-2.110
-2.035
-1.935
-1.820
-1.690
-1.560
-1.450
-1.360
-1.295
-1.250
-1.175
-1.095
-0.985
-0.900
-0.845
-0.800
-0.760
-0.710
-0.640
-0.565
-0.460
-0.360
-0.240
-0.120
-0.005
0.105
0.180
0.240
0.260
0.260
0.265
0.265
0.255
0.260
0.260
0.290
0.305
0.330
0.355
0.365
0.385
0.405
0.410
0.430
0.440
0.450
0.465
0.470
0.495
0.495
0.520
0.560
0.585
0.610
0.625
0.645
0.650
0.665
0.695
0.700
0.735
0.760
0.775
0.805
0.835
0.860
0.875
0.880
0.885
0.890
0.885
0.875
0.870
0.860
0.870
0.850
0.840
0.810
0.770
0.760
0.710
0.670
0.635
0.585
0.545
0.510
0.495
0.465
0.445
0.420
0.380
0.345
0.320
0.285
0.245
0.205
0.165
0.150
0.125
0.115
0.095
0.095
0.070
0.050
0.025
0.000
-0.020
-0.040
-0.065
-0.065
-0.065
-0.060
-0.055
-0.035
-0.045
-0.035
-0.040
-0.060
-0.070
-0.105
-0.115
-0.125
-0.110
-0.090
-0.065
-0.040
-0.035
-0.055
-0.060
-0.080
-0.100
-0.110
-0.105
-0.100
-0.110
-0.105
-0.105
-0.085
-0.080
-0.085
-0.070
-0.075
-0.095
-0.125
-0.130
-0.130
-0.120
-0.115
-0.105
-0.110
-0.120
-0.115
-0.115
-0.120
-0.120
-0.135
-0.135
-0.150
-0.150
-0.140
-0.145
-0.135
-0.125
-0.125
-0.125
-0.125
-0.115
-0.115
-0.125
-0.135
-0.145
-0.155
-0.155
-0.155
-0.125
-0.120
-0.095
-0.095
-0.085
-0.090
-0.105
-0.135
-0.165
-0.190
-0.195
-0.175
-0.145
-0.110
-0.095
-0.100
-0.115
-0.120
-0.125
-0.130
-0.135
-0.135
-0.130
-0.125
-0.125
-0.120
-0.105
-0.100
-0.075
-0.060
-0.040
-0.035
-0.035
-0.020
-0.005
0.020
0.060
0.090
0.125
0.145
0.185
0.200
0.185
0.160
0.140
0.110
0.105
0.095
0.100
0.105
0.125
0.145
0.155
0.155
0.135
0.125
0.075
0.035
0.000
-0.015
-0.045
-0.060
-0.055
-0.075
-0.105
-0.135
-0.160
-0.180
-0.165
-0.145
-0.140
-0.160
-0.160
-0.150
-0.135
-0.115
-0.100
-0.120
-0.135
-0.170
-0.185
-0.195
-0.160
-0.080
0.035
0.185
0.350
0.535
0.740
0.940
1.105
1.250
1.395
1.525
1.620
1.660
1.635
1.570
1.410
1.170
0.860
0.535
0.255
0.065
-0.055
-0.155
-0.195
-0.195
-0.215
-0.230
-0.265
-0.300
-0.320
-0.365
-0.415
-0.475
-0.515
-0.515
-0.500
-0.470
-0.450
-0.445
-0.440
-0.450
-0.450
-0.440
-0.425
-0.430
-0.445
-0.465
-0.485
-0.490
-0.480
-0.460
-0.450
-0.460
-0.500
-0.520
-0.540
-0.565
-0.565
-0.565
-0.575
-0.555
-0.560
-0.555
-0.555
-0.560
-0.580
-0.615
-0.620
-0.635
-0.665
-0.680
-0.690
-0.680
-0.670
-0.665
-0.665
-0.700
-0.750
-0.810
-0.840
-0.830
-0.805
-0.790
-0.800
-0.840
-0.895
-0.950
-0.990
-1.005
-0.990
-0.920
-0.840
-0.795
-0.815
-0.860
-0.910
-0.950
-0.965
-0.945
-0.910
-0.850
-0.830
-0.810
-0.790
-0.785
-0.780
-0.785
-0.760
-0.725
-0.675
-0.590
-0.530
-0.490
-0.475
-0.480
-0.480
-0.470
-0.475
-0.490
-0.475
-0.400
-0.345
-0.315
-0.335
-0.360
-0.395
-0.405
-0.420
-0.430
-0.415
-0.375
-0.350
-0.325
-0.330
-0.325
-0.350
-0.370
-0.370
-0.400
-0.415
-0.440
-0.405
-0.345
-0.295
-0.265
-0.290
-0.315
-0.330
-0.345
-0.350
-0.360
-0.360
-0.350
-0.345
-0.345
-0.320
-0.300
-0.270
-0.225
-0.200
-0.210
-0.220
-0.235
-0.210
-0.185
-0.135
-0.060
-0.035
-0.015
-0.025
-0.025
0.000
0.010
0.035
0.045
0.050
0.075
0.095
0.140
0.210
0.295
0.380
0.450
0.510
0.550
0.595
0.650
0.735
0.850
0.955
1.060
1.150
1.215
1.265
1.305
1.300
1.250
1.140
0.940
0.665
0.310
-0.070
-0.460
-0.820
-1.090
-1.320
-1.490
-1.595
-1.640
-1.640
-1.580
-1.470
-1.365
-1.245
-1.130
-1.010
-0.925
-0.870
-0.790
-0.715
-0.655
-0.655
-0.650
-0.645
-0.595
-0.515
-0.440
-0.375
-0.365
-0.375
-0.360
-0.330
-0.315
-0.320
-0.340
-0.345
-0.350
-0.345
-0.340
-0.345
-0.370
-0.395
-0.420
-0.410
-0.365
-0.300
-0.215
-0.150
-0.115
-0.145
-0.260
-0.375
-0.465
-0.480
-0.455
-0.420
-0.370
-0.330
-0.285
-0.240
-0.230
-0.225
-0.210
-0.205
-0.230
-0.285
-0.350
-0.390
-0.385
-0.355
-0.315
-0.260
-0.240
-0.220
-0.225
-0.230
-0.205
-0.185
-0.155
-0.140
-0.120
-0.100
-0.105
-0.095
-0.065
-0.035
-0.010
-0.010
-0.010
-0.020
-0.015
-0.010
0.005
0.000
0.015
0.030
0.020
0.015
-0.005
-0.010
-0.015
-0.030
-0.045
-0.060
-0.085
-0.105
-0.135
-0.115
-0.085
-0.065
-0.075
-0.115
-0.180
-0.240
-0.260
-0.245
-0.205
-0.190
-0.180
-0.190
-0.195
-0.195
-0.195
-0.195
-0.160
-0.160
-0.140
-0.145
-0.145
-0.160
-0.155
-0.155
-0.135
-0.135
-0.105
-0.095
-0.095
-0.110
-0.120
-0.135
-0.125
-0.105
-0.105
-0.090
-0.080
-0.075
-0.055
-0.075
-0.080
-0.070
-0.060
-0.055
-0.035
-0.035
-0.020
-0.010
-0.030
-0.035
-0.060
-0.050
-0.030
-0.015
-0.010
-0.030
-0.045
-0.050
-0.045
-0.010
0.000
0.015
0.030
0.045
0.060
0.070
0.115
0.150
0.160
0.170
0.170
0.180
0.190
0.210
0.240
0.270
0.295
0.300
0.300
0.270
0.255
0.265
0.265
0.275
0.270
0.265
0.250
0.240
0.220
0.185
0.135
0.100
0.065
0.050
0.030
0.030
0.020
0.010
0.000
0.000
0.000
0.000
-0.005
-0.005
0.000
0.005
-0.005
-0.005
-0.025
-0.030
-0.015
0.015
0.080
0.160
0.265
0.405
0.580
0.780
0.980
1.175
1.365
1.540
1.695
1.805
1.870
1.870
1.810
1.705
1.490
1.220
0.905
0.595
0.335
0.165
0.075
0.040
0.040
0.035
0.015
-0.015
-0.075
-0.155
-0.225
-0.275
-0.295
-0.290
-0.255
-0.215
-0.180
-0.160
-0.140
-0.165
-0.195
-0.240
-0.285
-0.320
-0.335
-0.325
-0.320
-0.285
-0.250
-0.240
-0.235
-0.255
-0.265
-0.275
-0.290
-0.300
-0.290
-0.290
-0.295
-0.280
-0.270
-0.260
-0.240
-0.230
-0.230
-0.230
-0.275
-0.305
-0.350
-0.375
-0.375
-0.370
-0.355
-0.375
-0.375
-0.390
-0.395
-0.410
-0.435
-0.460
-0.480
-0.510
-0.520
-0.490
-0.465
-0.450
-0.455
-0.470
-0.505
-0.525
-0.550
-0.525
-0.540
-0.540
-0.520
-0.495
-0.450
-0.420
-0.390
-0.355
-0.330
-0.295
-0.265
-0.265
-0.270
-0.245
-0.235
-0.200
-0.175
-0.130
-0.085
-0.045
-0.035
-0.030
-0.040
-0.035
-0.045
-0.035
-0.015
0.010
0.030
0.020
0.015
0.000
-0.020
-0.040
-0.005
0.015
0.035
0.040
0.040
0.040
0.040
0.040
0.040
0.020
-0.015
-0.025
-0.005
0.015
0.025
0.045
0.050
0.060
0.050
0.050
0.055
0.070
0.070
0.075
0.055
0.055
0.050
0.050
0.050
0.080
0.110
0.130
0.165
0.185
0.195
0.210
0.235
0.220
0.210
0.195
0.195
0.245
0.300
0.365
0.420
0.430
0.400
0.360
0.310
0.280
0.290
0.320
0.345
0.340
0.325
0.305
0.260
0.225
0.190
0.170
0.155
0.165
0.175
0.175
0.135
0.095
0.075
0.055
0.060
0.060
0.085
0.095
0.090
0.080
0.050
0.035
0.040
0.070
0.085
0.105
0.100
0.095
0.115
0.170
0.280
0.455
0.670
0.915
1.135
1.315
1.495
1.660
1.790
1.865
1.885
1.865
1.790
1.670
1.470
1.200
0.900
0.620
0.410
0.235
0.095
0.020
-0.015
-0.005
0.010
0.025
0.030
0.005
-0.020
-0.050
-0.060
-0.070
-0.060
-0.060
-0.060
-0.070
-0.085
-0.095
-0.100
-0.080
-0.060
-0.040
-0.030
-0.050
-0.090
-0.105
-0.120
-0.125
-0.125
-0.140
-0.155
-0.175
-0.155
-0.135
-0.125
-0.110
-0.110
-0.115
-0.120
-0.115
-0.115
-0.115
-0.110
-0.130
-0.125
-0.140
-0.155
-0.155
-0.155
-0.155
-0.175
-0.230
-0.250
-0.255
-0.250
-0.240
-0.240
-0.245
-0.265
-0.285
-0.310
-0.350
-0.365
-0.375
-0.355
-0.345
-0.315
-0.260
-0.240
-0.240
-0.250
-0.260
-0.275
-0.255
-0.245
-0.225
-0.195
-0.160
-0.120
-0.085
-0.055
-0.015
0.010
0.025
0.045
0.055
0.065
0.070
0.075
0.085
0.090
0.115
0.125
0.130
0.110
0.100
0.085
0.080
0.090
0.090
0.080
0.100
0.120
0.145
0.170
0.180
0.160
0.120
0.095
0.075
0.070
0.090
0.100
0.120
0.140
0.165
0.185
0.185
0.160
0.140
0.110
0.095
0.075
0.075
0.100
0.120
0.175
0.220
0.245
0.275
0.275
0.265
0.265
0.265
0.285
0.310
0.340
0.375
0.415
0.450
0.465
0.490
0.485
0.475
0.460
0.420
0.380
0.365
0.365
0.400
0.410
0.390
0.370
0.330
0.310
0.295
0.275
0.265
0.230
0.210
0.155
0.130
0.110
0.100
0.110
0.125
0.145
0.145
0.140
0.145
0.140
0.155
0.155
0.155
0.145
0.135
0.140
0.165
0.180
0.220
0.295
0.415
0.575
0.755
0.945
1.125
1.310
1.475
1.635
1.800
1.925
1.990
2.025
1.990
1.900
1.710
1.425
1.105
0.765
0.520
0.330
0.215
0.180
0.170
0.175
0.180
0.175
0.130
0.085
0.055
0.035
0.035
0.025
0.035
0.045
0.055
0.065
0.055
0.060
0.055
0.050
0.050
0.040
0.025
0.020
0.020
0.045
0.065
0.075
0.075
0.065
0.045
0.040
0.005
-0.005
0.010
0.005
0.030
0.040
0.030
0.020
-0.005
-0.010
-0.030
-0.040
-0.045
-0.050
-0.035
-0.040
-0.045
-0.035
-0.055
-0.065
-0.090
-0.115
-0.125
-0.155
-0.175
-0.185
-0.190
-0.190
-0.170
-0.165
-0.170
-0.165
-0.155
-0.150
-0.150
-0.165
-0.170
-0.165
-0.160
-0.125
-0.095
-0.065
-0.035
-0.010
0.010
0.025
0.045
0.065
0.080
0.095
0.120
0.130
0.155
0.175
0.185
0.200
0.205
0.220
0.230
0.230
0.245
0.250
0.260
0.250
0.240
0.225
0.215
0.220
0.230
0.235
0.255
0.270
0.290
0.305
0.300
0.290
0.280
0.260
0.245
0.240
0.265
0.290
0.295
0.285
0.280
0.260
0.250
0.255
0.270
0.300
0.320
0.330
0.320
0.310
0.310
0.325
0.375
0.420
0.440
0.470
0.475
0.520
0.575
0.620
0.675
0.705
0.770
0.830
0.925
1.045
1.180
1.305
1.395
1.485
1.550
1.620
1.680
1.735
1.805
1.865
1.940
2.010
2.070
2.100
2.065
1.945
1.750
1.455
1.050
0.600
0.115
-0.340
-0.700
-0.955
-1.110
-1.160
-1.150
-1.065
-0.960
-0.870
-0.805
-0.750
-0.710
-0.650
-0.545
-0.425
-0.310
-0.210
-0.140
-0.060
-0.005
0.060
0.100
0.135
0.135
0.080
0.020
-0.030
-0.060
-0.050
-0.025
0.000
0.005
0.010
0.015
0.025
0.045
0.050
0.045
0.035
0.005
-0.020
-0.035
-0.040
-0.070
-0.075
-0.080
-0.050
-0.050
-0.040
-0.055
-0.075
-0.095
-0.105
-0.085
-0.055
-0.035
-0.030
-0.040
-0.055
-0.060
-0.070
-0.050
-0.035
-0.020
0.015
0.065
0.080
0.070
0.050
0.055
0.035
0.055
0.070
0.095
0.130
0.150
0.180
0.210
0.240
0.255
0.275
0.295
0.295
0.300
0.295
0.285
0.290
0.295
0.315
0.340
0.365
0.375
0.370
0.355
0.330
0.290
0.245
0.235
0.220
0.220
0.235
0.250
0.255
0.235
0.220
0.185
0.155
0.140
0.140
0.150
0.155
0.155
0.170
0.175
0.160
0.165
0.150
0.155
0.140
0.155
0.170
0.190
0.175
0.170
0.155
0.150
0.145
0.140
0.140
0.135
0.145
0.135
0.130
0.140
0.145
0.160
0.180
0.190
0.200
0.200
0.200
0.185
0.170
0.160
0.135
0.130
0.155
0.155
0.180
0.190
0.195
0.185
0.195
0.210
0.215
0.205
0.165
0.150
0.130
0.135
0.170
0.190
0.200
0.205
0.195
0.175
0.165
0.155
0.175
0.180
0.185
0.195
0.225
0.240
0.245
0.250
0.255
0.235
0.260
0.275
0.285
0.305
0.315
0.320
0.350
0.355
0.385
0.410
0.440
0.465
0.500
0.515
0.535
0.530
0.510
0.460
0.420
0.415
0.425
0.450
0.460
0.465
0.455
0.440
0.390
0.330
0.280
0.240
0.230
0.245
0.270
0.265
0.250
0.210
0.170
0.135
0.110
0.105
0.115
0.145
0.160
0.165
0.195
0.180
0.180
0.185
0.170
0.165
0.165
0.160
0.175
0.215
0.290
0.405
0.565
0.775
0.980
1.185
1.365
1.515
1.670
1.810
1.930
2.020
2.065
2.035
1.970
1.810
1.560
1.210
0.850
0.540
0.320
0.215
0.185
0.195
0.215
0.220
0.210
0.150
0.100
0.045
-0.005
-0.040
-0.045
-0.025
-0.005
0.005
0.000
-0.005
-0.010
-0.010
-0.025
-0.020
-0.065
-0.065
-0.060
-0.055
-0.045
-0.045
-0.035
-0.040
-0.045
-0.055
-0.060
-0.085
-0.085
-0.085
-0.100
-0.100
-0.095
-0.095
-0.095
-0.080
-0.070
-0.070
-0.085
-0.115
-0.160
-0.190
-0.200
-0.200
-0.205
-0.200
-0.205
-0.225
-0.235
-0.245
-0.275
-0.280
-0.295
-0.310
-0.325
-0.340
-0.355
-0.375
-0.375
-0.380
-0.370
-0.390
-0.390
-0.400
-0.405
-0.415
-0.405
-0.400
-0.405
-0.400
-0.390
-0.385
-0.365
-0.330
-0.300
-0.270
-0.245
-0.225
-0.200
-0.175
-0.140
-0.095
-0.055
-0.015
0.020
0.060
0.075
0.085
0.075
0.080
0.090
0.105
0.120
0.110
0.095
0.075
0.090
0.090
0.080
0.085
0.075
0.070
0.070
0.055
0.070
0.085
0.085
0.095
0.110
0.105
0.080
0.075
0.065
0.065
0.035
0.050
0.045
0.060
0.060
0.065
0.095
0.090
0.085
0.075
0.065
0.070
0.075
0.080
0.100
0.155
0.170
0.185
0.200
0.225
0.225
0.255
0.250
0.270
0.285
0.315
0.350
0.375
0.395
0.405
0.395
0.375
0.355
0.350
0.355
0.350
0.360
0.365
0.355
0.330
0.310
0.285
0.265
0.240
0.215
0.195
0.175
0.160
0.135
0.130
0.115
0.115
0.120
0.110
0.125
0.125
0.125
0.115
0.120
0.110
0.095
0.110
0.115
0.120
0.140
0.180
0.250
0.360
0.525
0.725
0.930
1.130
1.310
1.470
1.645
1.800
1.900
1.940
1.935
1.840
1.670
1.415
1.090
0.755
0.460
0.260
0.140
0.095
0.090
0.110
0.120
0.110
0.085
0.040
-0.010
-0.035
-0.040
-0.050
-0.060
-0.035
-0.030
-0.035
-0.030
-0.040
-0.040
-0.050
-0.055
-0.070
-0.075
-0.065
-0.060
-0.065
-0.060
-0.065
-0.060
-0.065
-0.065
-0.065
-0.070
-0.085
-0.095
-0.085
-0.105
-0.105
-0.095
-0.085
-0.095
-0.095
-0.110
-0.115
-0.130
-0.150
-0.170
-0.180
-0.190
-0.200
-0.220
-0.225
-0.220
-0.225
-0.240
-0.265
-0.290
-0.290
-0.310
-0.315
-0.325
-0.325
-0.325
-0.320
-0.325
-0.340
-0.350
-0.355
-0.370
-0.365
-0.370
-0.350
-0.335
-0.320
-0.300
-0.275
-0.245
-0.225
-0.195
-0.180
-0.160
-0.160
-0.155
-0.145
-0.110
-0.085
-0.050
-0.040
-0.005
0.005
0.035
0.030
0.030
0.035
0.025
0.005
0.015
0.025
0.030
0.035
0.045
0.040
0.050
0.050
0.035
0.040
0.045
0.065
0.080
0.085
0.105
0.135
0.165
0.205
0.255
0.310
0.370
0.420
0.495
0.565
0.670
0.795
0.910
1.010
1.060
0.985
0.795
0.455
0.005
-0.510
-0.970
-1.335
-1.590
-1.770
-1.910
-1.995
-2.065
-2.105
-2.135
-2.145
-2.115
-2.070
-1.985
-1.870
-1.735
-1.565
-1.405
-1.295
-1.205
-1.185
-1.160
-1.120
-1.045
-0.935
-0.830
-0.740
-0.670
-0.635
-0.615
-0.570
-0.530
-0.465
-0.385
-0.290
-0.170
-0.035
0.075
0.155
0.215
0.240
0.245
0.245
0.245
0.255
0.270
0.290
0.300
0.320
0.340
0.355
0.380
0.385
0.400
0.410
0.440
0.445
0.475
0.490
0.495
0.510
0.525
0.535
0.560
0.585
0.610
0.640
0.660
0.685
0.700
0.715
0.725
0.740
0.755
0.775
0.780
0.815
0.845
0.860
0.855
0.865
0.860
0.855
0.845
0.835
0.815
0.805
0.790
0.780
0.760
0.735
0.705
0.690
0.640
0.590
0.535
0.500
0.450
0.405
0.370
0.345
0.320
0.300
0.275
0.245
0.205
0.175
0.140
0.110
0.085
0.045
0.035
0.010
0.000
-0.010
-0.020
-0.025
-0.030
-0.060
-0.070
-0.080
-0.100
-0.105
-0.110
-0.110
-0.125
-0.115
-0.110
-0.115
-0.100
-0.105
-0.115
-0.115
-0.125
-0.135
-0.135
-0.130
-0.120
-0.120
-0.110
-0.120
-0.100
-0.095
-0.110
-0.110
-0.110
-0.135
-0.145
-0.150
-0.160
-0.145
-0.135
-0.140
-0.140
-0.155
-0.165
-0.165
-0.170
-0.175
-0.185
-0.180
-0.185
-0.190
-0.185
-0.185
-0.180
-0.180
-0.200
-0.190
-0.190
-0.200
-0.200
-0.200
-0.205
-0.215
-0.205
-0.200
-0.205
-0.205
-0.200
-0.210
-0.220
-0.225
-0.235
-0.225
-0.215
-0.205
-0.210
-0.205
-0.215
-0.220
-0.220
-0.215
-0.230
-0.215
-0.215
-0.215
-0.205
-0.205
-0.195
-0.190
-0.180
-0.155
-0.150
-0.125
-0.125
-0.095
-0.090
-0.065
-0.050
-0.045
-0.030
-0.020
-0.010
0.005
0.020
0.050
0.075
0.075
0.080
0.080
0.060
0.040
0.035
0.035
0.040
0.045
0.035
0.020
-0.020
-0.040
-0.075
-0.105
-0.115
-0.145
-0.145
-0.175
-0.195
-0.225
-0.245
-0.265
-0.265
-0.285
-0.290
-0.285
-0.275
-0.270
-0.260
-0.260
-0.265
-0.255
-0.270
-0.285
-0.280
-0.260
-0.240
-0.160
-0.065
0.100
0.305
0.510
0.710
0.895
1.075
1.230
1.385
1.490
1.560
1.575
1.510
1.390
1.195
0.895
0.575
0.255
0.020
-0.145
-0.255
-0.320
-0.330
-0.335
-0.350
-0.370
-0.400
-0.435
-0.465
-0.475
-0.490
-0.500
-0.495
-0.505
-0.510
-0.515
-0.515
-0.515
-0.510
-0.510
-0.525
-0.520
-0.520
-0.530
-0.540
-0.540
-0.550
-0.560
-0.550
-0.550
-0.550
-0.545
-0.545
-0.550
-0.550
-0.560
-0.580
-0.585
-0.590
-0.600
-0.595
-0.585
-0.595
-0.605
-0.605
-0.620
-0.630
-0.645
-0.670
-0.685
-0.700
-0.720
-0.735
-0.755
-0.765
-0.775
-0.800
-0.810
-0.840
-0.855
-0.880
-0.885
-0.905
-0.910
-0.915
-0.925
-0.925
-0.935
-0.950
-0.950
-0.975
-0.975
-0.965
-0.960
-0.950
-0.920
-0.890
-0.860
-0.830
-0.810
-0.790
-0.755
-0.745
-0.725
-0.690
-0.670
-0.630
-0.600
-0.580
-0.535
-0.495
-0.465
-0.455
-0.435
-0.430
-0.430
-0.425
-0.425
-0.430
-0.415
-0.420
-0.390
-0.385
-0.385
-0.385
-0.380
-0.390
-0.395
-0.400
-0.405
-0.400
-0.395
-0.400
-0.385
-0.375
-0.365
-0.360
-0.365
-0.375
-0.390
-0.400
-0.405
-0.390
-0.400
-0.390
-0.370
-0.360
-0.345
-0.355
-0.335
-0.330
-0.315
-0.310
-0.300
-0.270
-0.250
-0.240
-0.215
-0.195
-0.175
-0.150
-0.125
-0.095
-0.075
-0.060
-0.040
-0.050
-0.055
-0.065
-0.065
-0.055
-0.050
-0.040
-0.010
-0.015
-0.025
-0.025
-0.030
-0.030
-0.020
0.030
0.095
0.170
0.255
0.325
0.385
0.445
0.495
0.555
0.625
0.705
0.780
0.885
0.960
1.020
1.065
1.070
1.035
0.930
0.745
0.460
0.075
-0.375
-0.800
-1.175
-1.460
-1.675
-1.820
-1.870
-1.875
-1.825
-1.745
-1.650
-1.545
-1.465
-1.380
-1.315
-1.230
-1.135
-1.010
-0.910
-0.790
-0.715
-0.640
-0.605
-0.600
-0.610
-0.595
-0.600
-0.605
-0.595
-0.575
-0.575
-0.560
-0.565
-0.575
-0.580
-0.585
-0.590
-0.590
-0.575
-0.580
-0.575
-0.560
-0.565
-0.555
-0.570
-0.580
-0.585
-0.585
-0.580
-0.575
-0.575
-0.565
-0.550
-0.535
-0.540
-0.530
-0.535
-0.545
-0.545
-0.555
-0.550
-0.565
-0.550
-0.545
-0.540
-0.525
-0.515
-0.505
-0.500
-0.490
-0.485
-0.470
-0.445
-0.435
-0.415
-0.415
-0.390
-0.370
-0.360
-0.345
-0.340
-0.320
-0.320
-0.310
-0.290
-0.270
-0.245
-0.235
-0.225
-0.215
-0.215
-0.230
-0.245
-0.250
-0.270
-0.300
-0.305
-0.300
-0.320
-0.310
-0.315
-0.320
-0.345
-0.340
-0.370
-0.385
-0.405
-0.435
-0.435
-0.440
-0.450
-0.450
-0.440
-0.445
-0.450
-0.440
-0.445
-0.450
-0.450
-0.450
-0.470
-0.465
-0.460
-0.470
-0.460
-0.450
-0.460
-0.465
-0.465
-0.460
-0.465
-0.465
-0.460
-0.460
-0.455
-0.445
-0.450
-0.460
-0.460
-0.445
-0.455
-0.465
-0.450
-0.455
-0.445
-0.455
-0.450
-0.440
-0.435
-0.430
-0.440
-0.430
-0.410
-0.400
-0.390
-0.370
-0.365
-0.345
-0.310
-0.290
-0.280
-0.285
-0.275
-0.265
-0.245
-0.215
-0.190
-0.160
-0.145
-0.150
-0.175
-0.180
-0.180
-0.185
-0.180
-0.165
-0.170
-0.175
-0.210
-0.245
-0.280
-0.320
-0.345
-0.385
-0.390
-0.405
-0.415
-0.435
-0.450
-0.465
-0.475
-0.495
-0.490
-0.485
-0.480
-0.475
-0.460
-0.455
-0.460
-0.455
-0.470
-0.470
-0.465
-0.440
-0.400
-0.300
-0.170
0.015
0.235
0.465
0.680
0.870
1.050
1.215
1.350
1.450
1.485
1.475
1.385
1.225
0.990
0.660
0.300
-0.005
-0.235
-0.350
-0.410
-0.440
-0.445
-0.445
-0.470
-0.490
-0.540
-0.580
-0.600
-0.625
-0.620
-0.630
-0.630
-0.630
-0.630
-0.625
-0.630
-0.630
-0.630
-0.635
-0.640
-0.645
-0.655
-0.665
-0.665
-0.665
-0.675
-0.670
-0.665
-0.665
-0.665
-0.655
-0.685
-0.675
-0.685
-0.690
-0.700
-0.695
-0.710
-0.710
-0.715
-0.725
-0.720
-0.725
-0.735
-0.750
-0.770
-0.795
-0.805
-0.815
-0.820
-0.820
-0.840
-0.840
-0.850
-0.875
-0.885
-0.905
-0.920
-0.925
-0.955
-0.965
-0.960
-0.965
-0.965
-0.960
-0.960
-0.950
-0.955
-0.945
-0.935
-0.930
-0.910
-0.885
-0.855
-0.820
-0.790
-0.760
-0.730
-0.705
-0.690
-0.660
-0.650
-0.625
-0.610
-0.585
-0.560
-0.540
-0.515
-0.500
-0.485
-0.490
-0.475
-0.460
-0.475
-0.475
-0.470
-0.470
-0.465
-0.465
-0.460
-0.440
-0.425
-0.430
-0.430
-0.430
-0.435
-0.440
-0.440
-0.435
-0.430
-0.435
-0.425
-0.425
-0.430
-0.425
-0.425
-0.430
-0.425
-0.415
-0.415
-0.420
-0.420
-0.415
-0.410
-0.405
-0.405
-0.395
-0.395
-0.380
-0.360
-0.365
-0.365
-0.350
-0.345
-0.320
-0.305
-0.295
-0.270
-0.270
-0.255
-0.255
-0.230
-0.220
-0.195
-0.170
-0.150
-0.115
-0.100
-0.100
-0.100
-0.130
-0.150
-0.145
-0.145
-0.130
-0.135
-0.165
-0.175
-0.205
-0.235
-0.270
-0.295
-0.325
-0.350
-0.365
-0.370
-0.390
-0.395
-0.420
-0.430
-0.420
-0.435
-0.440
-0.420
-0.415
-0.405
-0.395
-0.395
-0.395
-0.405
-0.410
-0.405
-0.390
-0.345
-0.265
-0.125
0.035
0.220
0.450
0.665
0.850
1.015
1.165
1.315
1.440
1.515
1.530
1.510
1.390
1.205
0.930
0.590
0.255
-0.040
-0.235
-0.330
-0.370
-0.385
-0.365
-0.370
-0.385
-0.415
-0.450
-0.500
-0.535
-0.535
-0.540
-0.540
-0.525
-0.530
-0.530
-0.535
-0.525
-0.550
-0.545
-0.575
-0.575
-0.575
-0.575
-0.570
-0.560
-0.550
-0.550
-0.555
-0.535
-0.545
-0.550
-0.550
-0.565
-0.590
-0.575
-0.585
-0.590
-0.565
-0.570
-0.560
-0.555
-0.565
-0.585
-0.590
-0.610
-0.620
-0.625
-0.635
-0.635
-0.640
-0.655
-0.650
-0.675
-0.695
-0.710
-0.720
-0.745
-0.755
-0.770
-0.775
-0.775
-0.775
-0.765
-0.765
-0.755
-0.765
-0.760
-0.765
-0.770
-0.745
-0.735
-0.705
-0.690
-0.655
-0.625
-0.590
-0.570
-0.555
-0.540
-0.530
-0.505
-0.485
-0.460
-0.430
-0.410
-0.395
-0.370
-0.360
-0.360
-0.340
-0.340
-0.340
-0.335
-0.330
-0.345
-0.345
-0.330
-0.330
-0.335
-0.325
-0.325
-0.325
-0.330
-0.320
-0.340
-0.335
-0.340
-0.330
-0.340
-0.335
-0.330
-0.315
-0.305
-0.305
-0.310
-0.310
-0.320
-0.335
-0.335
-0.335
-0.335
-0.320
-0.305
-0.310
-0.285
-0.290
-0.290
-0.290
-0.280
-0.270
-0.255
-0.240
-0.220
-0.195
-0.180
-0.160
-0.150
-0.140
-0.140
-0.115
-0.105
-0.080
-0.055
-0.020
0.005
0.015
-0.005
-0.015
-0.035
-0.050
-0.045
-0.050
-0.040
-0.040
-0.050
-0.060
-0.090
-0.105
-0.145
-0.145
-0.170
-0.205
-0.225
-0.255
-0.270
-0.290
-0.310
-0.330
-0.340
-0.340
-0.335
-0.330
-0.335
-0.320
-0.325
-0.315
-0.320
-0.320
-0.325
-0.320
-0.325
-0.310
-0.295
-0.250
-0.190
-0.100
0.045
0.235
0.420
0.610
0.790
0.950
1.105
1.270
1.425
1.540
1.600
1.585
1.545
1.415
1.220
0.970
0.655
0.345
0.105
-0.080
-0.180
-0.225
-0.275
-0.280
-0.285
-0.305
-0.335
-0.385
-0.435
-0.465
-0.465
-0.475
-0.465
-0.455
-0.450
-0.450
-0.460
-0.480
-0.465
-0.480
-0.520
-0.510
-0.515
-0.510
-0.485
-0.490
-0.480
-0.495
-0.500
-0.510
-0.540
-0.545
-0.540
-0.535
-0.530
-0.520
-0.510
-0.505
-0.505
-0.515
-0.520
-0.530
-0.535
-0.540
-0.555
-0.560
-0.565
-0.560
-0.570
-0.575
-0.590
-0.610
-0.620
-0.630
-0.645
-0.665
-0.685
-0.690
-0.695
-0.710
-0.710
-0.705
-0.720
-0.725
-0.735
-0.745
-0.750
-0.770
-0.765
-0.755
-0.740
-0.735
-0.720
-0.710
-0.700
-0.675
-0.650
-0.630
-0.610
-0.595
-0.575
-0.545
-0.525
-0.495
-0.475
-0.440
-0.425
-0.390
-0.380
-0.375
-0.370
-0.360
-0.355
-0.345
-0.335
-0.320
-0.320
-0.305
-0.305
-0.305
-0.305
-0.310
-0.290
-0.300
-0.310
-0.305
-0.320
-0.305
-0.300
-0.285
-0.285
-0.290
-0.285
-0.295
-0.305
-0.305
-0.310
-0.310
-0.310
-0.295
-0.285
-0.270
-0.260
-0.275
-0.260
-0.270
-0.280
-0.280
-0.290
-0.260
-0.245
-0.215
-0.185
-0.140
-0.100
-0.075
-0.040
-0.025
-0.035
-0.025
-0.010
0.015
0.065
0.130
0.195
0.255
0.295
0.330
0.365
0.425
0.495
0.585
0.665
0.765
0.825
0.910
0.970
1.045
1.120
1.180
1.245
1.295
1.335
1.340
1.310
1.225
1.065
0.820
0.475
0.060
-0.390
-0.825
-1.200
-1.470
-1.660
-1.745
-1.735
-1.660
-1.555
-1.420
-1.320
-1.245
-1.185
-1.115
-1.025
-0.935
-0.845
-0.745
-0.640
-0.565
-0.515
-0.500
-0.500
-0.495
-0.495
-0.490
-0.485
-0.495
-0.480
-0.475
-0.470
-0.470
-0.485
-0.470
-0.470
-0.470
-0.475
-0.465
-0.475
-0.455
-0.470
-0.470
-0.465
-0.455
-0.460
-0.475
-0.470
-0.465
-0.470
-0.465
-0.465
-0.475
-0.485
-0.480
-0.475
-0.485
-0.465
-0.455
-0.450
-0.435
-0.425
-0.410
-0.405
-0.390
-0.395
-0.395
-0.375
-0.360
-0.345
-0.330
-0.295
-0.265
-0.245
-0.235
-0.210
-0.215
-0.195
-0.195
-0.185
-0.170
-0.155
-0.135
-0.130
-0.115
-0.115
-0.130
-0.135
-0.130
-0.135
-0.155
-0.165
-0.175
-0.180
-0.160
-0.155
-0.140
-0.135
-0.120
-0.105
-0.095
-0.065
-0.030
0.015
0.065
0.125
0.210
0.280
0.355
0.415
0.450
0.465
0.415
0.300
0.095
-0.175
-0.500
-0.830
-1.125
-1.405
-1.635
-1.855
-2.050
-2.225
-2.405
-2.540
-2.625
-2.660
-2.650
-2.615
-2.540
-2.465
-2.360
-2.290
-2.180
-2.060
-1.950
-1.850
-1.745
-1.690
-1.625
-1.575
-1.510
-1.440
-1.375
-1.310
-1.250
-1.205
-1.145
-1.090
-1.020
-0.930
-0.805
-0.675
-0.525
-0.370
-0.230
-0.120
-0.040
0.020
0.050
0.075
0.115
0.135
0.165
0.190
0.215
0.260
0.290
0.305
0.315
0.330
0.325
0.340
0.345
0.360
0.380
0.415
0.435
0.460
0.485
0.510
0.505
0.520
0.530
0.545
0.550
0.570
0.600
0.620
0.645
0.675
0.695
0.730
0.745
0.765
0.785
0.805
0.815
0.830
0.845
0.860
0.860
0.865
0.865
0.865
0.850
0.840
0.815
0.805
0.780
0.755
0.710
0.685
0.650
0.620
0.580
0.555
0.515
0.490
0.445
0.425
0.380
0.325
0.280
0.230
0.195
0.175
0.145
0.115
0.095
0.045
0.030
0.005
-0.035
-0.065
-0.080
-0.090
-0.105
-0.105
-0.100
-0.115
-0.120
-0.125
-0.135
-0.145
-0.145
-0.140
-0.145
-0.140
-0.140
-0.135
-0.140
-0.135
-0.145
-0.145
-0.155
-0.155
-0.170
-0.180
-0.170
-0.170
-0.175
-0.175
-0.170
-0.160
-0.170
-0.145
-0.180
-0.185
-0.190
-0.205
-0.210
-0.215
-0.210
-0.205
-0.205
-0.200
-0.195
-0.220
-0.230
-0.235
-0.235
-0.240
-0.235
-0.245
-0.260
-0.265
-0.245
-0.245
-0.250
-0.260
-0.260
-0.270
-0.260
-0.255
-0.255
-0.260
-0.260
-0.275
-0.275
-0.275
-0.290
-0.285
-0.290
-0.300
-0.295
-0.305
-0.300
-0.285
-0.295
-0.290
-0.300
-0.295
-0.305
-0.310
-0.305
-0.305
-0.300
-0.300
-0.290
-0.285
-0.285
-0.280
-0.260
-0.260
-0.245
-0.250
-0.255
-0.275
-0.275
-0.285
-0.310
-0.320
-0.305
-0.300
-0.280
-0.255
-0.240
-0.240
-0.250
-0.260
-0.280
-0.295
-0.310
-0.300
-0.290
-0.285
-0.265
-0.245
-0.235
-0.235
-0.255
-0.290
-0.315
-0.320
-0.325
-0.280
-0.240
-0.215
-0.200
-0.190
-0.205
-0.195
-0.220
-0.245
-0.260
-0.295
-0.295
-0.290
-0.250
-0.215
-0.205
-0.195
-0.185
-0.180
-0.175
-0.150
-0.155
-0.115
-0.085
-0.040
0.005
0.060
0.120
0.150
0.125
0.085
-0.005
-0.095
-0.140
-0.150
-0.100
-0.030
0.045
0.075
0.070
0.025
-0.055
-0.140
-0.230
-0.310
-0.350
-0.360
-0.350
-0.330
-0.305
-0.290
-0.290
-0.300
-0.310
-0.300
-0.315
-0.340
-0.350
-0.380
-0.390
-0.385
-0.355
-0.305
-0.235
-0.135
-0.040
0.120
0.285
0.465
0.660
0.870
1.105
1.330
1.535
1.660
1.695
1.635
1.480
1.240
0.900
0.540
0.175
-0.105
-0.265
-0.370
-0.405
-0.405
-0.395
-0.390
-0.415
-0.435
-0.460
-0.480
-0.485
-0.480
-0.485
-0.495
-0.505
-0.540
-0.560
-0.560
-0.560
-0.570
-0.590
-0.610
-0.610
-0.595
-0.570
-0.555
-0.550
-0.560
-0.560
-0.555
-0.545
-0.545
-0.580
-0.640
-0.690
-0.735
-0.740
-0.685
-0.615
-0.565
-0.525
-0.525
-0.580
-0.615
-0.685
-0.715
-0.730
-0.750
-0.760
-0.760
-0.755
-0.735
-0.710
-0.690
-0.695
-0.715
-0.740
-0.775
-0.800
-0.815
-0.835
-0.855
-0.865
-0.870
-0.870
-0.885
-0.895
-0.905
-0.925
-0.950
-0.955
-0.950
-0.940
-0.925
-0.910
-0.900
-0.895
-0.895
-0.905
-0.905
-0.905
-0.895
-0.855
-0.815
-0.770
-0.725
-0.710
-0.695
-0.680
-0.640
-0.600
-0.540
-0.500
-0.455
-0.415
-0.395
-0.385
-0.390
-0.400
-0.390
-0.350
-0.310
-0.290
-0.265
-0.250
-0.210
-0.210
-0.220
-0.240
-0.265
-0.235
-0.195
-0.135
-0.110
-0.100
-0.075
-0.080
-0.080
-0.080
-0.065
-0.030
0.045
0.130
0.210
0.280
0.370
0.480
0.610
0.740
0.860
0.990
1.135
1.260
1.395
1.515
1.595
1.680
1.755
1.815
1.850
1.825
1.730
1.530
1.195
0.805
0.370
-0.035
-0.375
-0.635
-0.800
-0.880
-0.900
-0.875
-0.825
-0.765
-0.710
-0.625
-0.530
-0.410
-0.295
-0.215
-0.175
-0.180
-0.210
-0.235
-0.270
-0.295
-0.315
-0.305
-0.295
-0.290
-0.300
-0.310
-0.340
-0.370
-0.395
-0.405
-0.410
-0.410
-0.430
-0.430
-0.410
-0.390
-0.390
-0.395
-0.390
-0.390
-0.360
-0.350
-0.360
-0.375
-0.425
-0.450
-0.485
-0.480
-0.445
-0.415
-0.365
-0.340
-0.350
-0.380
-0.405
-0.435
-0.435
-0.435
-0.450
-0.440
-0.425
-0.400
-0.365
-0.340
-0.335
-0.355
-0.355
-0.370
-0.380
-0.365
-0.345
-0.305
-0.255
-0.195
-0.150
-0.115
-0.125
-0.140
-0.150
-0.140
-0.115
-0.095
-0.065
-0.040
-0.055
-0.065
-0.065
-0.095
-0.080
-0.070
-0.075
-0.055
-0.055
-0.055
-0.075
-0.095
-0.095
-0.080
-0.070
-0.065
-0.060
-0.080
-0.075
-0.055
-0.035
-0.030
-0.075
-0.125
-0.185
-0.195
-0.170
-0.130
-0.095
-0.100
-0.105
-0.120
-0.130
-0.120
-0.120
-0.095
-0.095
-0.090
-0.085
-0.090
-0.080
-0.085
-0.100
-0.100
-0.115
-0.110
-0.090
-0.070
-0.050
-0.070
-0.085
-0.095
-0.095
-0.070
-0.065
-0.050
-0.045
-0.040
-0.050
-0.060
-0.090
-0.100
-0.110
-0.110
-0.100
-0.085
-0.090
-0.090
-0.085
-0.065
-0.050
-0.030
-0.020
-0.015
-0.025
-0.035
-0.040
-0.090
-0.105
-0.120
-0.115
-0.095
-0.050
-0.020
0.000
-0.010
-0.050
-0.075
-0.075
-0.075
-0.065
-0.065
-0.060
-0.070
-0.065
-0.060
-0.035
-0.015
-0.005
-0.005
-0.005
-0.010
-0.040
-0.070
-0.075
-0.080
-0.050
-0.015
-0.010
0.000
0.005
0.015
0.020
0.030
0.045
0.055
0.080
0.105
0.115
0.160
0.195
0.215
0.220
0.165
0.145
0.155
0.195
0.240
0.285
0.310
0.315
0.310
0.285
0.260
0.255
0.240
0.240
0.255
0.255
0.260
0.265
0.250
0.200
0.175
0.155
0.145
0.135
0.115
0.095
0.085
0.075
0.075
0.075
0.080
0.065
0.030
-0.005
-0.030
-0.030
-0.005
0.015
0.040
0.035
0.025
0.030
0.035
0.045
0.075
0.150
0.250
0.385
0.540
0.715
0.900
1.085
1.285
1.475
1.665
1.845
1.970
2.030
2.035
1.980
1.825
1.570
1.225
0.860
0.545
0.295
0.165
0.125
0.100
0.090
0.055
0.000
-0.050
-0.085
-0.085
-0.085
-0.080
-0.115
-0.125
-0.145
-0.145
-0.150
-0.155
-0.120
-0.095
-0.080
-0.095
-0.130
-0.160
-0.190
-0.180
-0.155
-0.140
-0.165
-0.195
-0.220
-0.225
-0.200
-0.170
-0.140
-0.130
-0.140
-0.160
-0.185
-0.200
-0.225
-0.240
-0.235
-0.215
-0.190
-0.200
-0.200
-0.225
-0.240
-0.255
-0.280
-0.305
-0.335
-0.345
-0.330
-0.325
-0.325
-0.360
-0.400
-0.455
-0.500
-0.505
-0.485
-0.475
-0.470
-0.480
-0.515
-0.540
-0.560
-0.570
-0.555
-0.535
-0.535
-0.510
-0.495
-0.480
-0.455
-0.440
-0.435
-0.440
-0.430
-0.390
-0.355
-0.335
-0.315
-0.300
-0.270
-0.225
-0.180
-0.140
-0.120
-0.100
-0.070
-0.050
-0.035
-0.025
-0.005
0.005
0.005
0.015
0.040
0.060
0.070
0.080
0.085
0.075
0.075
0.095
0.105
0.105
0.110
0.100
0.100
0.125
0.130
0.120
0.110
0.105
0.105
0.090
0.100
0.105
0.125
0.120
0.120
0.115
0.105
0.100
0.105
0.110
0.125
0.135
0.125
0.125
0.135
0.155
0.180
0.220
0.250
0.285
0.320
0.305
0.265
0.215
0.210
0.250
0.310
0.370
0.400
0.420
0.410
0.385
0.330
0.300
0.300
0.305
0.325
0.325
0.305
0.295
0.275
0.260
0.255
0.225
0.185
0.130
0.105
0.090
0.095
0.105
0.095
0.080
0.040
0.035
0.035
0.060
0.070
0.085
0.090
0.085
0.070
0.065
0.060
0.065
0.090
0.150
0.250
0.390
0.585
0.790
0.985
1.150
1.335
1.500
1.665
1.810
1.925
1.980
1.995
1.945
1.825
1.625
1.320
0.975
0.640
0.370
0.200
0.125
0.110
0.110
0.080
0.030
-0.020
-0.040
-0.040
-0.020
-0.010
-0.025
-0.040
-0.040
-0.040
-0.030
-0.040
-0.065
-0.095
-0.100
-0.090
-0.050
-0.035
-0.030
-0.050
-0.085
-0.115
-0.140
-0.155
-0.150
-0.125
-0.100
-0.080
-0.070
-0.100
-0.115
-0.135
-0.140
-0.145
-0.130
-0.120
-0.115
-0.105
-0.120
-0.130
-0.135
-0.130
-0.135
-0.145
-0.170
-0.200
-0.205
-0.210
-0.215
-0.225
-0.240
-0.255
-0.260
-0.265
-0.290
-0.310
-0.340
-0.345
-0.340
-0.350
-0.365
-0.375
-0.390
-0.410
-0.410
-0.410
-0.385
-0.365
-0.325
-0.300
-0.270
-0.245
-0.205
-0.190
-0.175
-0.170
-0.165
-0.160
-0.155
-0.130
-0.085
-0.040
0.015
0.030
0.030
0.020
0.035
0.035
0.060
0.045
0.035
0.055
0.070
0.095
0.100
0.120
0.115
0.110
0.095
0.075
0.070
0.060
0.090
0.095
0.090
0.070
0.060
0.060
0.065
0.075
0.085
0.095
0.095
0.080
0.070
0.055
0.055
0.065
0.060
0.075
0.080
0.085
0.080
0.085
0.095
0.100
0.130
0.155
0.165
0.180
0.205
0.225
0.235
0.255
0.260
0.265
0.265
0.265
0.295
0.325
0.355
0.385
0.385
0.380
0.345
0.320
0.315
0.305
0.310
0.345
0.360
0.340
0.295
0.250
0.210
0.210
0.220
0.225
0.200
0.140
0.090
0.065
0.075
0.095
0.115
0.100
0.090
0.065
0.055
0.055
0.065
0.080
0.090
0.075
0.055
0.045
0.040
0.050
0.080
0.140
0.215
0.330
0.495
0.695
0.905
1.105
1.285
1.475
1.645
1.795
1.905
1.955
1.950
1.865
1.660
1.370
1.000
0.645
0.365
0.180
0.065
0.040
0.030
0.030
0.020
-0.020
-0.060
-0.105
-0.140
-0.165
-0.155
-0.135
-0.130
-0.120
-0.100
-0.100
-0.120
-0.140
-0.150
-0.155
-0.145
-0.130
-0.115
-0.120
-0.095
-0.110
-0.125
-0.160
-0.175
-0.185
-0.185
-0.170
-0.180
-0.185
-0.185
-0.185
-0.175
-0.165
-0.155
-0.170
-0.200
-0.230
-0.235
-0.225
-0.210
-0.210
-0.220
-0.260
-0.275
-0.305
-0.320
-0.335
-0.355
-0.340
-0.355
-0.350
-0.360
-0.360
-0.395
-0.415
-0.430
-0.445
-0.435
-0.430
-0.410
-0.390
-0.395
-0.395
-0.385
-0.360
-0.335
-0.315
-0.300
-0.280
-0.255
-0.240
-0.225
-0.180
-0.145
-0.115
-0.085
-0.060
-0.050
-0.040
-0.035
-0.020
-0.020
0.005
0.020
0.035
0.045
0.055
0.035
0.000
-0.015
-0.005
0.030
0.060
0.075
0.075
0.070
0.055
0.035
0.030
0.015
0.015
0.015
0.015
0.050
0.045
0.040
0.040
0.030
0.030
0.040
0.055
0.050
0.055
0.065
0.065
0.080
0.075
0.060
0.045
0.025
0.025
0.050
0.085
0.090
0.105
0.115
0.130
0.135
0.150
0.175
0.215
0.240
0.265
0.280
0.300
0.310
0.315
0.330
0.315
0.300
0.270
0.280
0.270
0.295
0.310
0.320
0.295
0.255
0.220
0.205
0.180
0.170
0.145
0.105
0.065
0.040
0.025
0.015
0.005
-0.005
-0.015
-0.010
-0.010
-0.015
-0.005
-0.010
-0.005
0.000
0.020
0.020
0.025
0.015
0.005
0.005
0.035
0.100
0.235
0.395
0.580
0.775
0.975
1.150
1.325
1.505
1.650
1.785
1.870
1.920
1.880
1.785
1.615
1.325
0.965
0.630
0.325
0.145
0.050
0.010
0.000
0.015
0.020
0.020
-0.015
-0.075
-0.140
-0.155
-0.180
-0.180
-0.190
-0.195
-0.190
-0.185
-0.180
-0.170
-0.165
-0.165
-0.165
-0.175
-0.180
-0.185
-0.180
-0.160
-0.165
-0.175
-0.215
-0.220
-0.220
-0.220
-0.205
-0.200
-0.195
-0.195
-0.190
-0.205
-0.210
-0.225
-0.235
-0.255
-0.270
-0.290
-0.290
-0.290
-0.290
-0.295
-0.320
-0.355
-0.390
-0.395
-0.405
-0.380
-0.370
-0.370
-0.380
-0.420
-0.445
-0.465
-0.475
-0.455
-0.470
-0.460
-0.465
-0.450
-0.445
-0.450
-0.460
-0.460
-0.460
-0.440
-0.415
-0.390
-0.345
-0.300
-0.290
-0.245
-0.205
-0.175
-0.145
-0.150
-0.160
-0.145
-0.145
-0.110
-0.090
-0.060
-0.040
-0.020
-0.010
-0.015
-0.020
-0.035
-0.035
-0.030
-0.020
-0.005
0.010
0.010
-0.005
-0.020
-0.035
-0.030
-0.010
0.010
0.015
0.005
-0.010
-0.030
-0.040
-0.040
-0.040
-0.035
-0.015
-0.025
0.010
0.020
0.010
0.000
-0.010
-0.020
-0.020
-0.015
0.010
0.060
0.090
0.105
0.095
0.080
0.085
0.080
0.085
0.095
0.125
0.135
0.155
0.190
0.215
0.235
0.275
0.290
0.300
0.290
0.275
0.260
0.255
0.260
0.295
0.300
0.315
0.295
0.265
0.225
0.205
0.185
0.160
0.120
0.100
0.075
0.065
0.075
0.065
0.065
0.050
0.040
0.025
0.005
-0.005
-0.030
-0.035
-0.030
-0.015
0.015
0.045
0.060
0.070
0.055
0.035
0.010
0.040
0.095
0.200
0.355
0.550
0.730
0.930
1.095
1.245
1.390
1.530
1.650
1.750
1.800
1.800
1.765
1.695
1.565
1.355
1.080
0.780
0.490
0.285
0.160
0.100
0.085
0.085
0.070
0.070
0.040
0.020
-0.035
-0.075
-0.100
-0.130
-0.140
-0.125
-0.110
-0.090
-0.080
-0.080
-0.090
-0.100
-0.110
-0.120
-0.120
-0.135
-0.130
-0.135
-0.135
-0.130
-0.125
-0.115
-0.115
-0.105
-0.125
-0.135
-0.160
-0.185
-0.205
-0.205
-0.190
-0.165
-0.150
-0.155
-0.155
-0.165
-0.180
-0.190
-0.215
-0.245
-0.265
-0.275
-0.275
-0.270
-0.275
-0.270
-0.285
-0.295
-0.320
-0.320
-0.350
-0.360
-0.390
-0.415
-0.425
-0.420
-0.415
-0.410
-0.420
-0.420
-0.450
-0.445
-0.445
-0.435
-0.435
-0.420
-0.400
-0.395
-0.385
-0.375
-0.340
-0.305
-0.260
-0.225
-0.185
-0.160
-0.135
-0.125
-0.115
-0.110
-0.095
-0.100
-0.080
-0.065
-0.055
-0.030
-0.030
-0.035
-0.040
-0.040
-0.030
-0.025
-0.010
0.010
0.030
0.040
0.050
0.080
0.105
0.130
0.160
0.210
0.255
0.315
0.365
0.435
0.515
0.625
0.750
0.840
0.880
0.830
0.660
0.405
0.040
-0.350
-0.745
-1.100
-1.375
-1.625
-1.815
-1.965
-2.070
-2.155
-2.230
-2.260
-2.270
-2.255
-2.200
-2.140
-2.060
-1.960
-1.870
-1.735
-1.605
-1.480
-1.375
-1.280
-1.190
-1.105
-1.030
-0.935
-0.850
-0.720
-0.605
-0.500
-0.405
-0.345
-0.275
-0.190
-0.105
0.020
0.150
0.250
0.340
0.385
0.395
0.395
0.365
0.350
0.325
0.325
0.355
0.365
0.405
0.425
0.440
0.460
0.465
0.480
0.475
0.485
0.515
0.530
0.560
0.585
0.595
0.615
0.630
0.640
0.655
0.670
0.680
0.700
0.705
0.715
0.755
0.765
0.795
0.835
0.850
0.875
0.880
0.880
0.895
0.880
0.875
0.885
0.895
0.920
0.920
0.925
0.925
0.905
0.875
0.850
0.810
0.785
0.755
0.725
0.690
0.675
0.640
0.600
0.580
0.555
0.520
0.490
0.465
0.440
0.395
0.370
0.310
0.275
0.255
0.250
0.240
0.220
0.180
0.155
0.150
0.120
0.100
0.075
0.065
0.055
0.050
0.045
0.030
0.020
0.010
0.015
0.005
0.005
-0.005
-0.015
-0.020
-0.015
-0.025
-0.015
-0.015
-0.015
-0.015
-0.020
-0.030
-0.025
-0.030
-0.035
-0.045
-0.035
-0.035
-0.045
-0.030
-0.035
-0.045
-0.060
-0.075
-0.075
-0.085
-0.090
-0.085
-0.085
-0.080
-0.075
-0.080
-0.065
-0.075
-0.080
-0.100
-0.115
-0.120
-0.130
-0.135
-0.135
-0.130
-0.135
-0.115
-0.120
-0.110
-0.115
-0.115
-0.120
-0.125
-0.130
-0.130
-0.145
-0.155
-0.155
-0.150
-0.145
-0.135
-0.145
-0.145
-0.150
-0.160
-0.175
-0.180
-0.185
-0.200
-0.210
-0.200
-0.175
-0.170
-0.170
-0.160
-0.170
-0.170
-0.185
-0.175
-0.185
-0.190
-0.165
-0.155
-0.160
-0.170
-0.160
-0.170
-0.165
-0.155
-0.145
-0.115
-0.090
-0.070
-0.045
-0.035
-0.020
-0.025
-0.015
-0.005
0.005
0.020
0.045
0.070
0.095
0.110
0.095
0.080
0.055
0.030
0.010
0.020
0.030
0.025
-0.005
-0.025
-0.065
-0.070
-0.095
-0.110
-0.130
-0.150
-0.180
-0.205
-0.225
-0.260
-0.270
-0.275
-0.270
-0.280
-0.275
-0.275
-0.275
-0.270
-0.270
-0.265
-0.255
-0.245
-0.250
-0.255
-0.265
-0.250
-0.185
-0.070
0.085
0.270
0.475
0.670
0.855
1.015
1.170
1.315
1.415
1.460
1.460
1.380
1.250
1.040
0.760
0.450
0.175
-0.035
-0.180
-0.265
-0.305
-0.305
-0.305
-0.330
-0.345
-0.395
-0.440
-0.480
-0.500
-0.495
-0.515
-0.495
-0.500
-0.490
-0.480
-0.485
-0.465
-0.465
-0.475
-0.490
-0.500
-0.525
-0.550
-0.560
-0.560
-0.555
-0.545
-0.525
-0.520
-0.525
-0.525
-0.540
-0.540
-0.545
-0.565
-0.565
-0.565
-0.555
-0.565
-0.565
-0.570
-0.570
-0.580
-0.585
-0.605
-0.620
-0.640
-0.640
-0.665
-0.685
-0.710
-0.715
-0.710
-0.740
-0.745
-0.770
-0.795
-0.815
-0.835
-0.850
-0.865
-0.875
-0.895
-0.900
-0.905
-0.910
-0.920
-0.930
-0.935
-0.945
-0.945
-0.945
-0.935
-0.940
-0.930
-0.920
-0.870
-0.870
-0.840
-0.820
-0.795
-0.775
-0.745
-0.715
-0.700
-0.665
-0.635
-0.605
-0.570
-0.545
-0.505
-0.495
-0.490
-0.475
-0.460
-0.455
-0.465
-0.445
-0.440
-0.420
-0.415
-0.400
-0.400
-0.400
-0.405
-0.410
-0.420
-0.425
-0.420
-0.405
-0.400
-0.390
-0.390
-0.385
-0.380
-0.400
-0.410
-0.425
-0.430
-0.435
-0.435
-0.425
-0.415
-0.410
-0.390
-0.390
-0.380
-0.375
-0.380
-0.365
-0.370
-0.365
-0.365
-0.360
-0.340
-0.320
-0.310
-0.295
-0.285
-0.275
-0.280
-0.270
-0.275
-0.245
-0.215
-0.165
-0.120
-0.100
-0.090
-0.110
-0.135
-0.180
-0.190
-0.200
-0.195
-0.180
-0.160
-0.160
-0.170
-0.190
-0.235
-0.285
-0.330
-0.350
-0.375
-0.385
-0.390
-0.405
-0.415
-0.440
-0.450
-0.455
-0.460
-0.455
-0.455
-0.460
-0.475
-0.490
-0.505
-0.500
-0.490
-0.475
-0.460
-0.450
-0.440
-0.440
-0.410
-0.345
-0.255
-0.125
0.055
0.270
0.470
0.650
0.810
0.970
1.120
1.230
1.315
1.350
1.320
1.225
1.075
0.850
0.545
0.220
-0.075
-0.280
-0.400
-0.445
-0.450
-0.435
-0.445
-0.470
-0.510
-0.560
-0.600
-0.625
-0.630
-0.630
-0.630
-0.635
-0.635
-0.640
-0.650
-0.645
-0.655
-0.665
-0.665
-0.675
-0.690
-0.690
-0.680
-0.670
-0.665
-0.680
-0.720
-0.755
-0.780
-0.790
-0.780
-0.750
-0.720
-0.720
-0.720
-0.745
-0.755
-0.780
-0.775
-0.755
-0.735
-0.730
-0.725
-0.765
-0.805
-0.840
-0.860
-0.870
-0.875
-0.885
-0.890
-0.920
-0.935
-0.940
-0.955
-0.940
-0.910
-0.910
-0.905
-0.935
-0.940
-0.975
-0.970
-1.000
-1.005
-1.020
-1.015
-1.025
-1.025
-0.995
-0.965
-0.925
-0.890
-0.860
-0.845
-0.825
-0.825
-0.805
-0.800
-0.770
-0.740
-0.700
-0.660
-0.630
-0.630
-0.635
-0.650
-0.660
-0.650
-0.630
-0.610
-0.595
-0.605
-0.615
-0.605
-0.590
-0.555
-0.540
-0.545
-0.565
-0.590
-0.630
-0.660
-0.675
-0.675
-0.640
-0.605
-0.575
-0.530
-0.525
-0.525
-0.545
-0.595
-0.625
-0.660
-0.670
-0.665
-0.635
-0.605
-0.600
-0.580
-0.595
-0.610
-0.615
-0.605
-0.580
-0.555
-0.540
-0.545
-0.520
-0.535
-0.550
-0.535
-0.525
-0.495
-0.475
-0.440
-0.400
-0.360
-0.325
-0.290
-0.280
-0.275
-0.290
-0.310
-0.335
-0.335
-0.345
-0.320
-0.305
-0.310
-0.330
-0.355
-0.370
-0.400
-0.440
-0.475
-0.515
-0.545
-0.550
-0.545
-0.540
-0.560
-0.575
-0.590
-0.610
-0.620
-0.620
-0.625
-0.625
-0.615
-0.595
-0.595
-0.580
-0.590
-0.585
-0.580
-0.545
-0.490
-0.380
-0.230
-0.065
0.115
0.295
0.470
0.640
0.805
0.980
1.145
1.250
1.270
1.255
1.160
0.995
0.775
0.480
0.200
-0.070
-0.290
-0.445
-0.530
-0.565
-0.580
-0.585
-0.605
-0.650
-0.700
-0.740
-0.765
-0.760
-0.750
-0.735
-0.730
-0.730
-0.720
-0.725
-0.740
-0.730
-0.745
-0.755
-0.770
-0.780
-0.785
-0.785
-0.765
-0.720
-0.705
-0.675
-0.675
-0.700
-0.740
-0.775
-0.800
-0.790
-0.760
-0.750
-0.740
-0.725
-0.740
-0.760
-0.790
-0.780
-0.780
-0.785
-0.795
-0.810
-0.830
-0.840
-0.860
-0.865
-0.860
-0.865
-0.865
-0.880
-0.915
-0.930
-0.935
-0.950
-0.965
-0.965
-0.955
-0.945
-0.930
-0.915
-0.905
-0.930
-0.985
-1.035
-1.060
-1.060
-1.035
-0.990
-0.950
-0.905
-0.880
-0.875
-0.870
-0.875
-0.865
-0.855
-0.825
-0.780
-0.735
-0.695
-0.670
-0.650
-0.610
-0.585
-0.575
-0.560
-0.565
-0.560
-0.585
-0.595
-0.585
-0.565
-0.535
-0.530
-0.535
-0.555
-0.570
-0.585
-0.565
-0.555
-0.525
-0.485
-0.440
-0.380
-0.330
-0.300
-0.260
-0.245
-0.225
-0.170
-0.080
0.020
0.130
0.230
0.275
0.280
0.225
0.120
-0.030
-0.255
-0.525
-0.825
-1.080
-1.315
-1.520
-1.665
-1.810
-1.935
-2.060
-2.200
-2.325
-2.400
-2.455
-2.470
-2.455
-2.425
-2.355
-2.270
-2.135
-2.010
-1.855
-1.745
-1.660
-1.625
-1.610
-1.590
-1.535
-1.450
-1.335
-1.175
-1.070
-0.990
-0.930
-0.895
-0.860
-0.835
-0.780
-0.685
-0.570
-0.455
-0.355
-0.285
-0.245
-0.235
-0.240
-0.255
-0.260
-0.270
-0.260
-0.265
-0.270
-0.255
-0.275
-0.270
-0.265
-0.255
-0.205
-0.165
-0.110
-0.085
-0.080
-0.095
-0.125
-0.135
-0.130
-0.110
-0.070
-0.030
-0.010
0.010
0.050
0.075
0.105
0.100
0.095
0.100
0.090
0.105
0.125
0.140
0.175
0.200
0.250
0.275
0.300
0.280
0.275
0.265
0.235
0.205
0.190
0.205
0.190
0.215
0.215
0.205
0.175
0.135
0.075
0.020
-0.010
-0.040
-0.060
-0.075
-0.115
-0.165
-0.215
-0.245
-0.270
-0.295
-0.315
-0.345
-0.385
-0.430
-0.465
-0.490
-0.510
-0.530
-0.525
-0.525
-0.545
-0.565
-0.555
-0.580
-0.605
-0.610
-0.615
-0.620
-0.615
-0.595
-0.580
-0.570
-0.565
-0.575
-0.585
-0.610
-0.620
-0.620
-0.635
-0.630
-0.620
-0.610
-0.595
-0.565
-0.540
-0.550
-0.565
-0.600
-0.625
-0.645
-0.635
-0.610
-0.580
-0.560
-0.550
-0.570
-0.590
-0.630
-0.680
-0.705
-0.700
-0.650
-0.615
-0.585
-0.555
-0.565
-0.575
-0.590
-0.605
-0.615
-0.620
-0.630
-0.655
-0.640
-0.635
-0.625
-0.615
-0.615
-0.610
-0.605
-0.585
-0.605
-0.650
-0.675
-0.690
-0.670
-0.640
-0.605
-0.595
-0.580
-0.580
-0.600
-0.620
-0.645
-0.670
-0.660
-0.665
-0.655
-0.630
-0.615
-0.610
-0.615
-0.615
-0.605
-0.595
-0.575
-0.565
-0.550
-0.540
-0.505
-0.480
-0.450
-0.450
-0.460
-0.470
-0.485
-0.465
-0.425
-0.365
-0.310
-0.285
-0.255
-0.270
-0.315
-0.380
-0.385
-0.390
-0.365
-0.335
-0.325
-0.335
-0.365
-0.400
-0.415
-0.445
-0.450
-0.460
-0.480
-0.520
-0.570
-0.585
-0.580
-0.550
-0.530
-0.555
-0.595
-0.635
-0.640
-0.645
-0.640
-0.630
-0.635
-0.630
-0.595
-0.575
-0.570
-0.570
-0.555
-0.530
-0.455
-0.310
-0.120
0.105
0.325
0.545
0.750
0.940
1.120
1.240
1.330
1.360
1.320
1.220
1.035
0.780
0.470
0.140
-0.130
-0.335
-0.470
-0.540
-0.555
-0.570
-0.575
-0.580
-0.595
-0.615
-0.680
-0.760
-0.810
-0.830
-0.810
-0.780
-0.750
-0.735
-0.755
-0.780
-0.805
-0.830
-0.815
-0.805
-0.775
-0.760
-0.765
-0.775
-0.790
-0.785
-0.795
-0.800
-0.795
-0.790
-0.790
-0.780
-0.770
-0.780
-0.785
-0.790
-0.770
-0.765
-0.790
-0.825
-0.860
-0.865
-0.875
-0.855
-0.840
-0.830
-0.845
-0.880
-0.910
-0.920
-0.925
-0.930
-0.930
-0.930
-0.930
-0.975
-0.990
-1.025
-1.070
-1.105
-1.120
-1.130
-1.095
-1.080
-1.045
-1.030
-1.050
-1.090
-1.135
-1.155
-1.135
-1.100
-1.065
-1.035
-1.020
-1.010
-0.990
-0.970
-0.960
-0.970
-0.975
-0.940
-0.900
-0.845
-0.800
-0.770
-0.750
-0.730
-0.705
-0.675
-0.655
-0.625
-0.600
-0.580
-0.555
-0.525
-0.500
-0.455
-0.440
-0.465
-0.530
-0.570
-0.565
-0.525
-0.475
-0.420
-0.390
-0.390
-0.425
-0.490
-0.530
-0.530
-0.495
-0.455
-0.415
-0.405
-0.405
-0.415
-0.425
-0.440
-0.445
-0.460
-0.480
-0.490
-0.475
-0.440
-0.415
-0.390
-0.385
-0.385
-0.380
-0.385
-0.370
-0.345
-0.330
-0.310
-0.280
-0.255
-0.240
-0.230
-0.210
-0.200
-0.185
-0.185
-0.170
-0.145
-0.140
-0.155
-0.155
-0.155
-0.150
-0.150
-0.160
-0.180
-0.210
-0.210
-0.225
-0.255
-0.305
-0.330
-0.355
-0.340
-0.335
-0.330
-0.355
-0.375
-0.430
-0.425
-0.450
-0.445
-0.445
-0.450
-0.445
-0.425
-0.420
-0.425
-0.410
-0.405
-0.405
-0.410
-0.415
-0.415
-0.370
-0.275
-0.135
0.040
0.230
0.440
0.615
0.775
0.930
1.110
1.310
1.485
1.625
1.690
1.685
1.605
1.445
1.195
0.880
0.550
0.275
0.050
-0.100
-0.185
-0.230
-0.245
-0.265
-0.285
-0.330
-0.380
-0.425
-0.460
-0.470
-0.465
-0.475
-0.465
-0.470
-0.490
-0.500
-0.500
-0.510
-0.515
-0.515
-0.515
-0.520
-0.520
-0.520
-0.520
-0.515
-0.510
-0.500
-0.500
-0.490
-0.475
-0.495
-0.510
-0.525
-0.540
-0.550
-0.555
-0.520
-0.500
-0.490
-0.485
-0.495
-0.520
-0.560
-0.575
-0.590
-0.600
-0.600
-0.595
-0.595
-0.595
-0.610
-0.600
-0.615
-0.620
-0.615
-0.610
-0.615
-0.635
-0.660
-0.695
-0.720
-0.730
-0.735
-0.720
-0.710
-0.705
-0.700
-0.710
-0.735
-0.740
-0.735
-0.690
-0.650
-0.605
-0.565
-0.540
-0.535
-0.510
-0.495
-0.475
-0.450
-0.425
-0.415
-0.395
-0.355
-0.340
-0.310
-0.295
-0.285
-0.290
-0.285
-0.285
-0.285
-0.285
-0.285
-0.285
-0.290
-0.275
-0.285
-0.280
-0.280
-0.260
-0.235
-0.235
-0.225
-0.225
-0.245
-0.250
-0.260
-0.245
-0.235
-0.235
-0.235
-0.250
-0.255
-0.265
-0.265
-0.260
-0.260
-0.270
-0.280
-0.300
-0.290
-0.275
-0.240
-0.230
-0.220
-0.215
-0.235
-0.240
-0.260
-0.240
-0.225
-0.205
-0.185
-0.160
-0.140
-0.125
-0.100
-0.110
-0.120
-0.145
-0.135
-0.130
-0.075
-0.015
0.040
0.080
0.090
0.065
0.020
-0.020
-0.045
-0.045
-0.040
-0.020
-0.010
-0.005
-0.030
-0.045
-0.070
-0.100
-0.140
-0.175
-0.205
-0.230
-0.240
-0.250
-0.250
-0.255
-0.265
-0.275
-0.305
-0.315
-0.305
-0.300
-0.295
-0.295
-0.290
-0.290
-0.300
-0.300
-0.315
-0.310
-0.300
-0.280
-0.230
-0.180
-0.090
0.025
0.175
0.330
0.515
0.700
0.885
1.085
1.295
1.505
1.650
1.745
1.745
1.690
1.560
1.340
1.050
0.740
0.460
0.225
0.025
-0.100
-0.205
-0.235
-0.260
-0.260
-0.280
-0.310
-0.355
-0.405
-0.445
-0.455
-0.455
-0.450
-0.455
-0.460
-0.465
-0.460
-0.465
-0.455
-0.445
-0.450
-0.465
-0.465
-0.465
-0.455
-0.450
-0.460
-0.485
-0.510
-0.510
-0.505
-0.495
-0.490
-0.490
-0.495
-0.520
-0.520
-0.520
-0.525
-0.530
-0.540
-0.555
-0.545
-0.545
-0.545
-0.540
-0.530
-0.540
-0.565
-0.585
-0.615
-0.610
-0.630
-0.640
-0.655
-0.675
-0.705
-0.720
-0.690
-0.695
-0.690
-0.690
-0.700
-0.715
-0.740
-0.750
-0.755
-0.745
-0.725
-0.680
-0.665
-0.655
-0.645
-0.650
-0.660
-0.650
-0.625
-0.600
-0.550
-0.530
-0.495
-0.470
-0.440
-0.415
-0.410
-0.405
-0.390
-0.375
-0.360
-0.325
-0.305
-0.285
-0.260
-0.255
-0.265
-0.280
-0.290
-0.295
-0.295
-0.285
-0.275
-0.285
-0.285
-0.295
-0.285
-0.260
-0.260
-0.275
-0.285
-0.285
-0.285
-0.275
-0.280
-0.285
-0.280
-0.285
-0.290
-0.285
-0.275
-0.285
-0.285
-0.285
-0.300
-0.290
-0.285
-0.275
-0.270
-0.260
-0.245
-0.235
-0.215
-0.190
-0.185
-0.165
-0.170
-0.180
-0.170
-0.160
-0.150
-0.125
-0.095
-0.075
-0.030
-0.010
0.010
-0.010
-0.030
-0.060
-0.070
-0.070
-0.070
-0.060
-0.055
-0.060
-0.085
-0.105
-0.130
-0.180
-0.225
-0.230
-0.235
-0.245
-0.240
-0.250
-0.280
-0.300
-0.315
-0.315
-0.315
-0.310
-0.305
-0.295
-0.285
-0.280
-0.280
-0.290
-0.310
-0.305
-0.295
-0.300
-0.280
-0.240
-0.125
0.025
0.215
0.435
0.635
0.815
1.000
1.200
1.390
1.550
1.660
1.695
1.655
1.575
1.420
1.205
0.935
0.610
0.320
0.065
-0.070
-0.170
-0.195
-0.220
-0.245
-0.245
-0.295
-0.345
-0.385
-0.410
-0.445
-0.445
-0.430
-0.410
-0.390
-0.395
-0.415
-0.465
-0.485
-0.515
-0.495
-0.485
-0.485
-0.495
-0.500
-0.505
-0.515
-0.480
-0.450
-0.440
-0.455
-0.495
-0.500
-0.495
-0.475
-0.465
-0.460
-0.465
-0.490
-0.505
-0.505
-0.510
-0.505
-0.500
-0.505
-0.510
-0.540
-0.575
-0.630
-0.640
-0.630
-0.585
-0.555
-0.540
-0.560
-0.575
-0.590
-0.605
-0.630
-0.660
-0.680
-0.705
-0.715
-0.730
-0.735
-0.715
-0.715
-0.725
-0.735
-0.730
-0.730
-0.725
-0.725
-0.720
-0.720
-0.730
-0.725
-0.695
-0.670
-0.630
-0.600
-0.590
-0.560
-0.530
-0.505
-0.485
-0.450
-0.425
-0.400
-0.390
-0.375
-0.350
-0.345
-0.335
-0.325
-0.300
-0.275
-0.270
-0.240
-0.250
-0.260
-0.275
-0.275
-0.290
-0.295
-0.290
-0.290
-0.285
-0.285
-0.265
-0.260
-0.235
-0.225
-0.235
-0.240
-0.270
-0.280
-0.270
-0.250
-0.235
-0.225
-0.240
-0.270
-0.290
-0.295
-0.295
-0.270
-0.255
-0.255
-0.235
-0.220
-0.235
-0.220
-0.220
-0.200
-0.170
-0.160
-0.145
-0.120
-0.125
-0.125
-0.115
-0.095
-0.060
-0.030
0.000
0.030
0.030
0.000
-0.030
-0.055
-0.065
-0.055
-0.045
-0.050
-0.050
-0.050
-0.080
-0.105
-0.140
-0.155
-0.185
-0.215
-0.240
-0.250
-0.270
-0.275
-0.280
-0.275
-0.275
-0.290
-0.310
-0.330
-0.350
-0.360
-0.355
-0.340
-0.320
-0.305
-0.280
-0.255
-0.270
-0.255
-0.245
-0.170
-0.060
0.115
0.340
0.580
0.820
1.025
1.215
1.395
1.545
1.655
1.690
1.680
1.600
1.440
1.205
0.875
0.535
0.240
0.020
-0.120
-0.190
-0.225
-0.215
-0.210
-0.245
-0.330
-0.400
-0.465
-0.460
-0.440
-0.410
-0.385
-0.375
-0.370
-0.375
-0.380
-0.395
-0.410
-0.460
-0.485
-0.490
-0.435
-0.405
-0.385
-0.405
-0.420
-0.460
-0.465
-0.470
-0.465
-0.450
-0.455
-0.430
-0.450
-0.475
-0.495
-0.510
-0.520
-0.515
-0.520
-0.520
-0.515
-0.515
-0.530
-0.540
-0.570
-0.590
-0.595
-0.610
-0.620
-0.635
-0.670
-0.685
-0.715
-0.715
-0.715
-0.690
-0.680
-0.685
-0.685
-0.685
-0.705
-0.710
-0.715
-0.700
-0.680
-0.650
-0.610
-0.580
-0.560
-0.555
-0.535
-0.525
-0.475
-0.425
-0.370
-0.350
-0.340
-0.350
-0.345
-0.330
-0.295
-0.270
-0.235
-0.220
-0.215
-0.235
-0.240
-0.250
-0.250
-0.250
-0.245
-0.235
-0.230
-0.220
-0.220
-0.215
-0.220
-0.220
-0.205
-0.200
-0.200
-0.215
-0.220
-0.220
-0.225
-0.225
-0.200
-0.190
-0.200
-0.200
-0.210
-0.185
-0.160
-0.135
-0.105
-0.080
-0.055
-0.015
0.015
0.030
0.070
0.125
0.195
0.270
0.390
0.495
0.650
0.795
0.940
1.040
1.060
0.975
0.745
0.370
-0.110
-0.600
-1.030
-1.365
-1.625
-1.830
-2.000
-2.130
-2.250
-2.325
-2.360
-2.365
-2.345
-2.290
-2.220
-2.125
-1.990
-1.845
-1.710
-1.605
-1.555
-1.570
-1.580
-1.555
-1.490
-1.365
-1.225
-1.085
-0.955
-0.890
-0.860
-0.835
-0.800
-0.730
-0.630
-0.490
-0.335
-0.180
-0.040
0.070
0.135
0.180
0.200
0.220
0.255
0.275
0.300
0.320
0.320
0.310
0.315
0.320
0.345
0.380
0.405
0.435
0.470
0.475
0.480
0.495
0.510
0.535
0.565
0.580
0.610
0.625
0.650
0.680
0.715
0.760
0.785
0.795
0.820
0.825
0.850
0.870
0.900
0.940
0.955
0.960
0.970
0.970
0.960
0.955
0.940
0.930
0.920
0.895
0.885
0.855
0.815
0.755
0.705
0.670
0.630
0.625
0.595
0.565
0.530
0.465
0.405
0.345
0.330
0.295
0.280
0.270
0.245
0.225
0.195
0.150
0.100
0.070
0.050
0.030
-0.020
-0.020
-0.025
-0.020
-0.045
-0.065
-0.080
-0.100
-0.125
-0.140
-0.135
-0.125
-0.115
-0.105
-0.100
-0.120
-0.140
-0.165
-0.185
-0.180
-0.160
-0.135
-0.125
-0.130
-0.110
-0.100
-0.090
-0.090
-0.110
-0.140
-0.180
-0.190
-0.190
-0.165
-0.135
-0.110
-0.110
-0.125
-0.140
-0.175
-0.200
-0.205
-0.220
-0.215
-0.205
-0.195
-0.190
-0.195
-0.200
-0.200
-0.200
-0.195
-0.195
-0.195
-0.200
-0.210
-0.220
-0.205
-0.205
-0.185
-0.170
-0.185
-0.170
-0.175
-0.170
-0.155
-0.165
-0.185
-0.195
-0.210
-0.235
-0.225
-0.220
-0.230
-0.220
-0.200
-0.180
-0.165
-0.160
-0.145
-0.130
-0.120
-0.090
-0.055
-0.030
0.010
0.020
0.025
0.020
0.025
0.040
0.055
0.075
0.070
0.075
0.060
0.065
0.060
0.055
0.030
0.035
0.030
0.050
0.060
0.045
-0.005
-0.040
-0.080
-0.105
-0.130
-0.130
-0.155
-0.170
-0.200
-0.230
-0.250
-0.255
-0.265
-0.260
-0.275
-0.280
-0.275
-0.265
-0.245
-0.220
-0.215
-0.210
-0.235
-0.280
-0.290
-0.285
-0.245
-0.195
-0.095
0.015
0.190
0.395
0.605
0.815
1.025
1.205
1.380
1.535
1.650
1.715
1.725
1.665
1.500
1.255
0.935
0.590
0.255
0.020
-0.125
-0.210
-0.240
-0.245
-0.265
-0.285
-0.325
-0.365
-0.405
-0.455
-0.490
-0.505
-0.505
-0.505
-0.495
-0.475
-0.465
-0.455
-0.475
-0.495
-0.515
-0.550
-0.570
-0.555
-0.555
-0.535
-0.515
-0.505
-0.520
-0.535
-0.530
-0.525
-0.500
-0.490
-0.520
-0.550
-0.570
-0.575
-0.560
-0.545
-0.535
-0.540
-0.560
-0.580
-0.600
-0.620
-0.640
-0.635
-0.635
-0.635
-0.635
-0.655
-0.675
-0.690
-0.730
-0.755
-0.780
-0.800
-0.815
-0.815
-0.835
-0.835
-0.850
-0.860
-0.890
-0.905
-0.925
-0.930
-0.935
-0.945
-0.935
-0.950
-0.955
-0.955
-0.925
-0.890
-0.870
-0.865
-0.900
-0.910
-0.895
-0.850
-0.795
-0.730
-0.690
-0.675
-0.650
-0.640
-0.615
-0.590
-0.560
-0.515
-0.480
-0.465
-0.455
-0.465
-0.455
-0.440
-0.405
-0.365
-0.335
-0.320
-0.335
-0.370
-0.410
-0.405
-0.395
-0.385
-0.350
-0.340
-0.345
-0.360
-0.375
-0.375
-0.375
-0.375
-0.370
-0.370
-0.375
-0.380
-0.385
-0.355
-0.345
-0.355
-0.355
-0.360
-0.370
-0.375
-0.385
-0.390
-0.380
-0.390
-0.375
-0.315
-0.280
-0.250
-0.245
-0.230
-0.230
-0.225
-0.215
-0.210
-0.185
-0.160
-0.145
-0.130
-0.115
-0.085
-0.035
-0.040
-0.070
-0.095
-0.125
-0.145
-0.130
-0.110
-0.095
-0.110
-0.150
-0.180
-0.225
-0.270
-0.295
-0.315
-0.325
-0.330
-0.345
-0.370
-0.400
-0.420
-0.435
-0.430
-0.410
-0.385
-0.365
-0.385
-0.385
-0.390
-0.385
-0.370
-0.365
-0.380
-0.370
-0.365
-0.315
-0.225
-0.080
0.110
0.335
0.560
0.785
0.990
1.175
1.360
1.505
1.585
1.610
1.590
1.455
1.255
0.940
0.575
0.225
-0.045
-0.245
-0.355
-0.400
-0.400
-0.405
-0.400
-0.415
-0.460
-0.500
-0.535
-0.555
-0.570
-0.580
-0.580
-0.580
-0.555
-0.535
-0.510
-0.495
-0.505
-0.520
-0.555
-0.575
-0.590
-0.585
-0.575
-0.570
-0.560
-0.545
-0.545
-0.560
-0.590
-0.600
-0.595
-0.605
-0.610
-0.610
-0.625
-0.625
-0.600
-0.585
-0.595
-0.610
-0.640
-0.635
-0.645
-0.640
-0.645
-0.660
-0.665
-0.675
-0.675
-0.685
-0.700
-0.725
-0.730
-0.740
-0.730
-0.735
-0.745
-0.750
-0.780
-0.800
-0.805
-0.810
-0.805
-0.815
-0.815
-0.790
-0.780
-0.770
-0.780
-0.790
-0.790
-0.770
-0.730
-0.675
-0.625
-0.605
-0.585
-0.570
-0.570
-0.570
-0.560
-0.550
-0.530
-0.490
-0.450
-0.410
-0.390
-0.380
-0.390
-0.380
-0.380
-0.365
-0.365
-0.355
-0.370
-0.380
-0.385
-0.375
-0.370
-0.370
-0.365
-0.330
-0.320
-0.320
-0.345
-0.370
-0.380
-0.370
-0.370
-0.345
-0.340
-0.350
-0.365
-0.365
-0.360
-0.340
-0.330
-0.340
-0.345
-0.345
-0.370
-0.380
-0.395
-0.390
-0.375
-0.345
-0.360
-0.365
-0.380
-0.375
-0.360
-0.340
-0.320
-0.305
-0.275
-0.255
-0.240
-0.220
-0.215
-0.210
-0.215
-0.195
-0.180
-0.155
-0.105
-0.040
0.000
0.025
0.015
-0.010
-0.055
-0.085
-0.105
-0.115
-0.115
-0.125
-0.125
-0.110
-0.100
-0.085
-0.110
-0.155
-0.225
-0.280
-0.320
-0.320
-0.315
-0.315
-0.315
-0.340
-0.360
-0.370
-0.365
-0.340
-0.345
-0.335
-0.350
-0.355
-0.350
-0.350
-0.340
-0.355
-0.370
-0.360
-0.325
-0.250
-0.140
0.030
0.240
0.450
0.660
0.850
1.030
1.210
1.410
1.555
1.665
1.690
1.655
1.550
1.365
1.120
0.800
0.460
0.190
-0.020
-0.145
-0.235
-0.270
-0.280
-0.280
-0.320
-0.365
-0.460
-0.500
-0.535
-0.530
-0.495
-0.470
-0.460
-0.465
-0.465
-0.480
-0.500
-0.515
-0.515
-0.520
-0.505
-0.495
-0.485
-0.485
-0.510
-0.520
-0.525
-0.520
-0.510
-0.495
-0.495
-0.500
-0.520
-0.530
-0.530
-0.545
-0.550
-0.550
-0.560
-0.545
-0.555
-0.575
-0.580
-0.595
-0.580
-0.570
-0.570
-0.555
-0.550
-0.580
-0.595
-0.625
-0.650
-0.675
-0.695
-0.710
-0.730
-0.735
-0.725
-0.715
-0.710
-0.715
-0.710
-0.740
-0.760
-0.780
-0.780
-0.780
-0.755
-0.730
-0.695
-0.675
-0.665
-0.675
-0.685
-0.675
-0.655
-0.630
-0.560
-0.530
-0.485
-0.440
-0.425
-0.410
-0.405
-0.385
-0.370
-0.360
-0.325
-0.325
-0.315
-0.310
-0.305
-0.310
-0.320
-0.320
-0.325
-0.305
-0.280
-0.265
-0.255
-0.265
-0.270
-0.265
-0.265
-0.240
-0.260
-0.265
-0.280
-0.270
-0.250
-0.245
-0.240
-0.245
-0.250
-0.245
-0.265
-0.265
-0.275
-0.270
-0.265
-0.235
-0.225
-0.220
-0.225
-0.225
-0.220
-0.220
-0.240
-0.240
-0.220
-0.175
-0.135
-0.095
-0.050
-0.020
0.005
0.010
0.035
0.080
0.150
0.215
0.250
0.265
0.290
0.325
0.385
0.465
0.575
0.685
0.780
0.855
0.945
1.020
1.100
1.190
1.285
1.370
1.455
1.520
1.570
1.570
1.560
1.500
1.350
1.110
0.770
0.345
-0.150
-0.625
-1.045
-1.345
-1.530
-1.640
-1.640
-1.570
-1.465
-1.355
-1.250
-1.185
-1.135
-1.080
-1.005
-0.905
-0.800
-0.690
-0.610
-0.550
-0.505
-0.480
-0.495
-0.525
-0.540
-0.525
-0.505
-0.450
-0.395
-0.395
-0.400
-0.420
-0.440
-0.420
-0.405
-0.420
-0.430
-0.460
-0.475
-0.470
-0.455
-0.440
-0.420
-0.425
-0.445
-0.455
-0.465
-0.455
-0.430
-0.400
-0.380
-0.385
-0.400
-0.440
-0.460
-0.470
-0.480
-0.460
-0.435
-0.420
-0.395
-0.370
-0.335
-0.350
-0.385
-0.425
-0.405
-0.355
-0.285
-0.215
-0.215
-0.260
-0.320
-0.355
-0.350
-0.315
-0.255
-0.185
-0.150
-0.150
-0.185
-0.185
-0.175
-0.130
-0.080
-0.040
0.010
0.015
-0.055
-0.135
-0.155
-0.170
-0.180
-0.220
-0.245
-0.255
-0.245
-0.230
-0.210
-0.210
-0.240
-0.275
-0.290
-0.310
-0.305
-0.300
-0.290
-0.250
-0.225
-0.240
-0.280
-0.315
-0.310
-0.310
-0.320
-0.345
-0.350
-0.340
-0.305
-0.265
-0.225
-0.220
-0.255
-0.330
-0.370
-0.385
-0.385
-0.365
-0.330
-0.310
-0.290
-0.270
-0.235
-0.185
-0.145
-0.150
-0.165
-0.230
-0.305
-0.370
-0.400
-0.415
-0.375
-0.310
-0.255
-0.230
-0.225
-0.240
-0.275
-0.320
-0.345
-0.350
-0.325
-0.295
-0.270
-0.255
-0.260
-0.260
-0.250
-0.245
-0.225
-0.215
-0.225
-0.255
-0.300
-0.310
-0.285
-0.225
-0.195
-0.185
-0.165
-0.175
-0.150
-0.115
-0.085
-0.050
-0.030
0.000
0.040
0.095
0.110
0.080
0.050
0.015
-0.045
-0.110
-0.135
-0.115
-0.075
-0.065
-0.080
-0.090
-0.105
-0.125
-0.160
-0.210
-0.240
-0.275
-0.295
-0.290
-0.285
-0.255
-0.200
-0.145
-0.115
-0.155
-0.200
-0.235
-0.260
-0.305
-0.350
-0.360
-0.310
-0.245
-0.200
-0.200
-0.235
-0.255
-0.225
-0.125
0.065
0.340
0.630
0.905
1.140
1.340
1.515
1.665
1.760
1.780
1.725
1.600
1.390
1.105
0.780
0.460
0.175
-0.050
-0.205
-0.250
-0.260
-0.250
-0.260
-0.300
-0.350
-0.400
-0.425
-0.395
-0.335
-0.295
-0.335
-0.425
-0.515
-0.565
-0.560
-0.510
-0.465
-0.455
-0.480
-0.545
-0.605
-0.620
-0.600
-0.560
-0.495
-0.460
-0.440
-0.435
-0.475
-0.510
-0.555
-0.560
-0.540
-0.520
-0.490
-0.435
-0.410
-0.410
-0.445
-0.495
-0.525
-0.530
-0.525
-0.530
-0.550
-0.555
-0.565
-0.565
-0.600
-0.625
-0.645
-0.660
-0.650
-0.615
-0.600
-0.605
-0.635
-0.680
-0.715
-0.720
-0.735
-0.765
-0.765
-0.790
-0.795
-0.815
-0.815
-0.795
-0.800
-0.790
-0.770
-0.750
-0.715
-0.690
-0.665
-0.655
-0.660
-0.665
-0.655
-0.625
-0.580
-0.525
-0.450
-0.430
-0.430
-0.450
-0.470
-0.460
-0.420
-0.335
-0.260
-0.230
-0.280
-0.340
-0.370
-0.385
-0.375
-0.360
-0.340
-0.315
-0.290
-0.285
-0.275
-0.285
-0.270
-0.255
-0.200
-0.165
-0.115
-0.125
-0.230
-0.355
-0.465
-0.490
-0.425
-0.320
-0.200
-0.120
-0.095
-0.070
-0.090
-0.160
-0.260
-0.350
-0.410
-0.425
-0.400
-0.340
-0.275
-0.205
-0.115
-0.060
-0.025
-0.015
-0.040
-0.125
-0.225
-0.305
-0.340
-0.330
-0.280
-0.170
-0.055
0.035
0.095
0.135
0.165
0.170
0.170
0.115
0.040
-0.045
-0.105
-0.130
-0.120
-0.065
0.015
0.075
0.130
0.120
0.025
-0.130
-0.320
-0.455
-0.505
-0.475
-0.385
-0.285
-0.225
-0.190
-0.200
-0.235
-0.245
-0.265
-0.280
-0.290
-0.295
-0.270
-0.255
-0.235
-0.225
-0.225
-0.230
-0.235
-0.200
-0.095
0.075
0.305
0.570
0.810
0.990
1.165
1.350
1.550
1.740
1.865
1.920
1.825
1.620
1.345
1.035
0.710
0.400
0.145
-0.050
-0.190
-0.245
-0.255
-0.240
-0.225
-0.235
-0.275
-0.320
-0.360
-0.370
-0.365
-0.340
-0.350
-0.340
-0.360
-0.365
-0.380
-0.390
-0.395
-0.385
-0.390
-0.395
-0.390
-0.385
-0.395
-0.385
-0.385
-0.375
-0.375
-0.365
-0.350
-0.345
-0.340
-0.340
-0.350
-0.350
-0.360
-0.345
-0.345
-0.370
-0.350
-0.370
-0.425
-0.510
-0.575
-0.600
-0.595
-0.570
-0.530
-0.480
-0.450
-0.440
-0.465
-0.490
-0.535
-0.570
-0.565
-0.565
-0.575
-0.595
-0.625
-0.635
-0.640
-0.630
-0.635
-0.625
-0.600
-0.580
-0.550
-0.525
-0.485
-0.430
-0.395
-0.390
-0.410
-0.420
-0.420
-0.395
-0.360
-0.350
-0.340
-0.320
-0.310
-0.290
-0.270
-0.230
-0.215
-0.205
-0.215
-0.205
-0.210
-0.190
-0.175
-0.170
-0.155
-0.135
-0.130
-0.125
-0.110
-0.100
-0.090
-0.090
-0.095
-0.090
-0.060
-0.005
0.065
0.165
0.255
0.320
0.350
0.360
0.425
0.510
0.630
0.765
0.855
0.890
0.860
0.750
0.515
0.160
-0.285
-0.750
-1.150
-1.460
-1.685
-1.845
-1.975
-2.080
-2.170
-2.200
-2.205
-2.160
-2.110
-2.050
-1.975
-1.895
-1.800
-1.650
-1.500
-1.365
-1.265
-1.230
-1.200
-1.175
-1.135
-1.070
-0.990
-0.890
-0.780
-0.690
-0.610
-0.550
-0.495
-0.450
-0.420
-0.405
-0.340
-0.235
-0.090
0.060
0.205
0.295
0.345
0.360
0.350
0.300
0.260
0.265
0.305
0.375
0.425
0.465
0.495
0.535
0.540
0.475
0.410
0.360
0.370
0.440
0.510
0.585
0.645
0.680
0.700
0.675
0.665
0.670
0.695
0.740
0.775
0.795
0.800
0.805
0.825
0.880
0.935
0.990
1.010
1.030
1.030
1.025
1.025
1.040
0.990
0.955
0.900
0.865
0.865
0.885
0.905
0.915
0.915
0.885
0.810
0.720
0.620
0.525
0.470
0.455
0.450
0.460
0.455
0.455
0.450
0.455
0.440
0.400
0.325
0.220
0.135
0.100
0.090
0.095
0.110
0.085
0.045
0.020
-0.020
-0.035
-0.035
-0.005
0.055
0.100
0.095
0.055
0.010
-0.015
0.010
0.040
0.000
-0.055
-0.105
-0.105
-0.100
-0.045
-0.030
-0.015
-0.005
0.040
0.095
0.150
0.145
0.105
0.025
-0.065
-0.120
-0.110
-0.070
-0.070
-0.070
-0.065
-0.040
-0.010
0.035
0.065
0.080
0.095
0.095
0.060
-0.005
-0.085
-0.155
-0.195
-0.180
-0.130
-0.065
-0.010
0.000
-0.015
-0.050
-0.070
-0.065
-0.050
-0.025
0.005
-0.005
-0.020
-0.045
-0.065
-0.095
-0.105
-0.080
-0.030
0.010
0.040
0.005
-0.070
-0.125
-0.130
-0.110
-0.040
-0.020
-0.040
-0.055
-0.030
0.050
0.135
0.175
0.115
-0.020
-0.175
-0.270
-0.295
-0.250
-0.150
-0.040
0.080
0.195
0.260
0.240
0.200
0.165
0.095
0.040
0.005
0.010
0.040
0.090
0.175
0.310
0.435
0.510
0.535
0.520
0.450
0.335
0.220
0.120
0.085
0.120
0.240
0.345
0.345
0.255
0.125
0.040
0.025
0.060
0.155
0.260
0.325
0.305
0.195
0.055
-0.085
-0.150
-0.125
-0.085
-0.045
-0.005
0.050
0.130
0.175
0.125
0.025
-0.080
-0.160
-0.190
-0.175
-0.110
-0.015
0.115
0.225
0.280
0.310
0.345
0.440
0.615
0.830
1.085
1.320
1.565
1.800
2.000
2.125
2.170
2.130
2.015
1.840
1.590
1.270
0.965
0.700
0.515
0.390
0.330
0.275
0.205
0.140
0.090
0.060
0.035
0.000
-0.040
-0.115
-0.225
-0.315
-0.335
-0.290
-0.205
-0.135
-0.125
-0.105
-0.080
-0.040
0.005
0.010
-0.005
-0.040
-0.105
-0.195
-0.315
-0.395
-0.415
-0.390
-0.300
-0.190
-0.075
0.015
0.035
0.000
-0.120
-0.220
-0.285
-0.325
-0.350
-0.355
-0.350
-0.345
-0.310
-0.240
-0.160
-0.135
-0.215
-0.360
-0.495
-0.580
-0.570
-0.525
-0.460
-0.435
-0.390
-0.360
-0.390
-0.455
-0.550
-0.605
-0.655
-0.660
-0.635
-0.580
-0.515
-0.520
-0.565
-0.610
-0.620
-0.560
-0.490
-0.430
-0.445
-0.495
-0.565
-0.595
-0.560
-0.455
-0.325
-0.235
-0.230
-0.255
-0.295
-0.380
-0.450
-0.500
-0.450
-0.325
-0.185
-0.135
-0.165
-0.220
-0.225
-0.185
-0.135
-0.085
-0.085
-0.070
-0.045
-0.035
-0.045
-0.080
-0.100
-0.100
-0.070
-0.005
0.090
0.145
0.105
0.045
0.005
0.025
0.020
-0.030
-0.065
-0.110
-0.105
-0.125
-0.125
-0.125
-0.110
-0.090
-0.050
-0.025
0.065
0.155
0.155
0.090
-0.040
-0.150
-0.205
-0.160
-0.085
-0.020
0.060
0.115
0.105
0.025
-0.045
-0.045
0.020
0.115
0.220
0.255
0.230
0.190
0.165
0.180
0.195
0.185
0.200
0.210
0.200
0.165
0.110
0.095
0.125
0.195
0.250
0.240
0.185
0.110
0.055
-0.010
-0.035
-0.015
0.040
0.110
0.150
0.090
-0.025
-0.150
-0.230
-0.260
-0.195
-0.090
-0.015
0.025
0.015
-0.020
-0.050
-0.060
-0.095
-0.125
-0.140
-0.125
-0.040
0.060
0.135
0.205
0.265
0.400
0.600
0.845
1.075
1.280
1.465
1.635
1.820
1.930
1.995
1.960
1.790
1.510
1.165
0.825
0.550
0.310
0.125
-0.020
-0.095
-0.115
-0.075
-0.055
-0.050
-0.065
-0.115
-0.190
-0.235
-0.265
-0.235
-0.155
-0.130
-0.155
-0.185
-0.220
-0.245
-0.280
-0.305
-0.325
-0.360
-0.370
-0.335
-0.305
-0.270
-0.265
-0.255
-0.255
-0.240
-0.225
-0.245
-0.260
-0.295
-0.315
-0.280
-0.220
-0.205
-0.260
-0.335
-0.375
-0.405
-0.410
-0.420
-0.410
-0.375
-0.315
-0.245
-0.235
-0.295
-0.385
-0.455
-0.500
-0.495
-0.430
-0.360
-0.345
-0.395
-0.490
-0.550
-0.575
-0.575
-0.520
-0.480
-0.465
-0.455
-0.465
-0.525
-0.550
-0.535
-0.500
-0.430
-0.335
-0.255
-0.225
-0.240
-0.280
-0.300
-0.285
-0.260
-0.220
-0.190
-0.180
-0.165
-0.140
-0.120
-0.115
-0.105
-0.085
-0.065
-0.020
0.005
-0.035
-0.080
-0.115
-0.145
-0.160
-0.165
-0.160
-0.145
-0.115
-0.090
-0.060
-0.025
-0.040
-0.060
-0.105
-0.145
-0.145
-0.105
-0.065
-0.030
0.000
0.025
0.050
0.040
-0.025
-0.090
-0.110
-0.090
-0.060
-0.060
-0.085
-0.125
-0.170
-0.160
-0.105
-0.045
0.025
0.065
0.075
0.030
-0.040
-0.100
-0.105
-0.045
0.075
0.195
0.270
0.260
0.245
0.210
0.185
0.190
0.185
0.190
0.205
0.210
0.200
0.170
0.170
0.185
0.225
0.265
0.265
0.200
0.090
0.010
-0.040
-0.060
-0.015
-0.010
-0.025
-0.065
-0.110
-0.155
-0.170
-0.160
-0.135
-0.110
-0.080
-0.035
-0.040
-0.070
-0.090
-0.115
-0.145
-0.155
-0.130
-0.115
-0.090
-0.030
0.035
0.115
0.215
0.335
0.495
0.680
0.895
1.130
1.375
1.590
1.790
1.925
1.980
1.935
1.860
1.720
1.585
1.350
1.070
0.745
0.430
0.170
0.010
-0.055
-0.055
-0.040
-0.040
-0.080
-0.125
-0.155
-0.155
-0.160
-0.190
-0.270
-0.340
-0.370
-0.350
-0.300
-0.260
-0.260
-0.240
-0.265
-0.300
-0.320
-0.310
-0.285
-0.300
-0.300
-0.320
-0.355
-0.395
-0.425
-0.440
-0.410
-0.340
-0.280
-0.250